/opt/data/workspace/Samples/.venv-docreader/lib/python3.13/site-packages/docx/templates/default-docx-template/docProps/thumbnail.jpeg
/opt/data/workspace/Samples/.venv-docreader/lib/python3.13/site-packages/PySide6/scripts/deploy_lib/pyside_icon.jpg
/opt/data/home/.cache/uv/archive-v0/YVqThFhdDdcJ2B7Me8zG7/docx/templates/default-docx-template/docProps/thumbnail.jpeg
/opt/data/home/.cache/uv/archive-v0/5r0TFbRiJ6JTlaQIweKAT/PySide6/scripts/deploy_lib/pyside_icon.jpg
/opt/data/.venv-docreader/lib/python3.13/site-packages/docx/templates/default-docx-template/docProps/thumbnail.jpeg
/opt/data/.venv-docreader/lib/python3.13/site-packages/PySide6/scripts/deploy_lib/pyside_icon.jpg

=== Checking for any recently modified image files ===
/opt/data/home/.cache/uv/archive-v0/cAu3GQ3z1kVKUmSyPEQV4/PySide6/Qt/qml/QtDataVisualization/designer/images/scatter3d-icon.png
/opt/data/home/.cache/uv/archive-v0/cAu3GQ3z1kVKUmSyPEQV4/PySide6/Qt/qml/QtDataVisualization/designer/images/surface3d-icon.png
/opt/data/home/.cache/uv/archive-v0/cAu3GQ3z1kVKUmSyPEQV4/PySide6/Qt/qml/QtDataVisualization/designer/images/bars3d-icon.png
/opt/data/home/.cache/uv/archive-v0/cAu3GQ3z1kVKUmSyPEQV4/PySide6/Qt/qml/QtDataVisualization/designer/images/scatter3d-icon16.png
/opt/data/home/.cache/uv/archive-v0/cAu3GQ3z1kVKUmSyPEQV4/PySide6/Qt/qml/QtDataVisualization/designer/images/bars3d-icon16.png
/opt/data/home/.cache/uv/archive-v0/cAu3GQ3z1kVKUmSyPEQV4/PySide6/Qt/qml/QtDataVisualization/designer/images/surface3d-icon16.png
/opt/data/home/.cache/uv/archive-v0/cAu3GQ3z1kVKUmSyPEQV4/PySide6/Qt/qml/QtGraphs/designer/images/scatter3d-icon.png
/opt/data/home/.cache/uv/archive-v0/cAu3GQ3z1kVKUmSyPEQV4/PySide6/Qt/qml/QtGraphs/designer/images/splineseries-icon16.png
/opt/data/home/.cache/uv/archive-v0/cAu3GQ3z1kVKUmSyPEQV4/PySide6/Qt/qml/QtGraphs/designer/images/pieseries-icon.png
/opt/data/home/.cache/uv/archive-v0/cAu3GQ3z1kVKUmSyPEQV4/PySide6/Qt/qml/QtGraphs/designer/images/lineseries-icon.png
/opt/data/home/.cache/uv/archive-v0/cAu3GQ3z1kVKUmSyPEQV4/PySide6/Qt/qml/QtGraphs/designer/images/surface3d-icon.png
/opt/data/home/.cache/uv/archive-v0/cAu3GQ3z1kVKUmSyPEQV4/PySide6/Qt/qml/QtGraphs/designer/images/scatterseries-icon.png
/opt/data/home/.cache/uv/archive-v0/cAu3GQ3z1kVKUmSyPEQV4/PySide6/Qt/qml/QtGraphs/designer/images/pieseries-icon16.png
/opt/data/home/.cache/uv/archive-v0/cAu3GQ3z1kVKUmSyPEQV4/PySide6/Qt/qml/QtGraphs/designer/images/bars3d-icon.png
/opt/data/home/.cache/uv/archive-v0/cAu3GQ3z1kVKUmSyPEQV4/PySide6/Qt/qml/QtGraphs/designer/images/areaseries-icon16.png
/opt/data/home/.cache/uv/archive-v0/cAu3GQ3z1kVKUmSyPEQV4/PySide6/Qt/qml/QtGraphs/designer/images/scatterseries-icon16.png
/opt/data/home/.cache/uv/archive-v0/cAu3GQ3z1kVKUmSyPEQV4/PySide6/Qt/qml/QtGraphs/designer/images/scatter3d-icon16.png
/opt/data/home/.cache/uv/archive-v0/cAu3GQ3z1kVKUmSyPEQV4/PySide6/Qt/qml/QtGraphs/designer/images/lineseries-icon16.png
/opt/data/home/.cache/uv/archive-v0/cAu3GQ3z1kVKUmSyPEQV4/PySide6/Qt/qml/QtGraphs/designer/images/barseries-icon16.png
/opt/data/home/.cache/uv/archive-v0/cAu3GQ3z1kVKUmSyPEQV4/PySide6/Qt/qml/QtGraphs/designer/images/bars3d-icon16.png
/opt/data/home/.cache/uv/archive-v0/cAu3GQ3z1kVKUmSyPEQV4/PySide6/Qt/qml/QtGraphs/designer/images/areaseries-icon.png
/opt/data/home/.cache/uv/archive-v0/cAu3GQ3z1kVKUmSyPEQV4/PySide6/Qt/qml/QtGraphs/designer/images/surface3d-icon16.png
/opt/data/home/.cache/uv/archive-v0/cAu3GQ3z1kVKUmSyPEQV4/PySide6/Qt/qml/QtGraphs/designer/images/barseries-icon.png
/opt/data/home/.cache/uv/archive-v0/cAu3GQ3z1kVKUmSyPEQV4/PySide6/Qt/qml/QtGraphs/designer/images/splineseries-icon.png
/opt/data/home/.cache/uv/archive-v0/cAu3GQ3z1kVKUmSyPEQV4/PySide6/Qt/qml/QtCharts/designer/images/scatterseries-chart-icon16.png
/opt/data/home/.cache/uv/archive-v0/cAu3GQ3z1kVKUmSyPEQV4/PySide6/Qt/qml/QtCharts/designer/images/stackedbarseries-icon.png
/opt/data/home/.cache/uv/archive-v0/cAu3GQ3z1kVKUmSyPEQV4/PySide6/Qt/qml/QtCharts/designer/images/percentbarseries-icon16.png
/opt/data/home/.cache/uv/archive-v0/cAu3GQ3z1kVKUmSyPEQV4/PySide6/Qt/qml/QtCharts/designer/images/areaseries-polar-icon.png
/opt/data/home/.cache/uv/archive-v0/cAu3GQ3z1kVKUmSyPEQV4/PySide6/Qt/qml/QtCharts/designer/images/horizontalbarseries-icon.png
/opt/data/home/.cache/uv/archive-v0/cAu3GQ3z1kVKUmSyPEQV4/PySide6/Qt/qml/QtCharts/designer/images/scatterseries-polar-icon.png
/opt/data/home/.cache/uv/archive-v0/cAu3GQ3z1kVKUmSyPEQV4/PySide6/Qt/qml/QtCharts/designer/images/horizontalstackedbarseries-icon16.png
/opt/data/home/.cache/uv/archive-v0/cAu3GQ3z1kVKUmSyPEQV4/PySide6/Qt/qml/QtCharts/designer/images/areaseries-chart-icon16.png
/opt/data/home/.cache/uv/archive-v0/cAu3GQ3z1kVKUmSyPEQV4/PySide6/Qt/qml/QtCharts/designer/images/boxplotseries-chart-icon.png
/opt/data/home/.cache/uv/archive-v0/cAu3GQ3z1kVKUmSyPEQV4/PySide6/Qt/qml/QtCharts/designer/images/lineseries-polar-icon16.png
/opt/data/home/.cache/uv/archive-v0/cAu3GQ3z1kVKUmSyPEQV4/PySide6/Qt/qml/QtCharts/designer/images/pieseries-chart-icon16.png
/opt/data/home/.cache/uv/archive-v0/cAu3GQ3z1kVKUmSyPEQV4/PySide6/Qt/qml/QtCharts/designer/images/horizontalpercentbarseries-icon16.png
/opt/data/home/.cache/uv/archive-v0/cAu3GQ3z1kVKUmSyPEQV4/PySide6/Qt/qml/QtCharts/designer/images/percentbarseries-icon.png
/opt/data/home/.cache/uv/archive-v0/cAu3GQ3z1kVKUmSyPEQV4/PySide6/Qt/qml/QtCharts/designer/images/horizontalpercentbarseries-icon.png
/opt/data/home/.cache/uv/archive-v0/cAu3GQ3z1kVKUmSyPEQV4/PySide6/Qt/qml/QtCharts/designer/images/splineseries-chart-icon.png
/opt/data/home/.cache/uv/archive-v0/cAu3GQ3z1kVKUmSyPEQV4/PySide6/Qt/qml/QtCharts/designer/images/stackedbarseries-icon16.png
/opt/data/home/.cache/uv/archive-v0/cAu3GQ3z1kVKUmSyPEQV4/PySide6/Qt/qml/QtCharts/designer/images/areaseries-chart-icon.png
/opt/data/home/.cache/uv/archive-v0/cAu3GQ3z1kVKUmSyPEQV4/PySide6/Qt/qml/QtCharts/designer/images/lineseries-chart-icon.png
/opt/data/home/.cache/uv/archive-v0/cAu3GQ3z1kVKUmSyPEQV4/PySide6/Qt/qml/QtCharts/designer/images/scatterseries-chart-icon.png
/opt/data/home/.cache/uv/archive-v0/cAu3GQ3z1kVKUmSyPEQV4/PySide6/Qt/qml/QtCharts/designer/images/splineseries-polar-icon16.png
/opt/data/home/.cache/uv/archive-v0/cAu3GQ3z1kVKUmSyPEQV4/PySide6/Qt/qml/QtCharts/designer/images/lineseries-chart-icon16.png
/opt/data/home/.cache/uv/archive-v0/cAu3GQ3z1kVKUmSyPEQV4/PySide6/Qt/qml/QtCharts/designer/images/barseries-icon16.png
/opt/data/home/.cache/uv/archive-v0/cAu3GQ3z1kVKUmSyPEQV4/PySide6/Qt/qml/QtCharts/designer/images/horizontalstackedbarseries-icon.png
/opt/data/home/.cache/uv/archive-v0/cAu3GQ3z1kVKUmSyPEQV4/PySide6/Qt/qml/QtCharts/designer/images/splineseries-polar-icon.png
/opt/data/home/.cache/uv/archive-v0/cAu3GQ3z1kVKUmSyPEQV4/PySide6/Qt/qml/QtCharts/designer/images/boxplotseries-chart-icon16.png
/opt/data/home/.cache/uv/archive-v0/cAu3GQ3z1kVKUmSyPEQV4/PySide6/Qt/qml/QtCharts/designer/images/areaseries-polar-icon16.png
/opt/data/home/.cache/uv/archive-v0/cAu3GQ3z1kVKUmSyPEQV4/PySide6/Qt/qml/QtCharts/designer/images/barseries-icon.png
/opt/data/home/.cache/uv/archive-v0/cAu3GQ3z1kVKUmSyPEQV4/PySide6/Qt/qml/QtCharts/designer/images/horizontalbarseries-icon16.png
/opt/data/home/.cache/uv/archive-v0/cAu3GQ3z1kVKUmSyPEQV4/PySide6/Qt/qml/QtCharts/designer/images/scatterseries-polar-icon16.png
/opt/data/home/.cache/uv/archive-v0/cAu3GQ3z1kVKUmSyPEQV4/PySide6/Qt/qml/QtCharts/designer/images/pieseries-chart-icon.png
/opt/data/home/.cache/uv/archive-v0/cAu3GQ3z1kVKUmSyPEQV4/PySide6/Qt/qml/QtCharts/designer/images/lineseries-polar-icon.png
/opt/data/home/.cache/uv/archive-v0/cAu3GQ3z1kVKUmSyPEQV4/PySide6/Qt/qml/QtCharts/designer/images/splineseries-chart-icon16.png
/opt/data/home/.cache/uv/archive-v0/cAu3GQ3z1kVKUmSyPEQV4/PySide6/Qt/qml/QtQuick3D/Particles3D/designer/images/sprite-sequence-16px.png
/opt/data/home/.cache/uv/archive-v0/cAu3GQ3z1kVKUmSyPEQV4/PySide6/Qt/qml/QtQuick3D/Particles3D/designer/images/emit-burst-24px.png
/opt/data/home/.cache/uv/archive-v0/cAu3GQ3z1kVKUmSyPEQV4/PySide6/Qt/qml/QtQuick3D/Particles3D/designer/images/vector-direction-16px.png
/opt/data/home/.cache/uv/archive-v0/cAu3GQ3z1kVKUmSyPEQV4/PySide6/Qt/qml/QtQuick3D/Particles3D/designer/images/repeller-24px.png
/opt/data/home/.cache/uv/archive-v0/cAu3GQ3z1kVKUmSyPEQV4/PySide6/Qt/qml/QtQuick3D/Particles3D/designer/images/model-shape-24px@2x.png
/opt/data/home/.cache/uv/archive-v0/cAu3GQ3z1kVKUmSyPEQV4/PySide6/Qt/qml/QtQuick3D/Particles3D/designer/images/point-rotator-24px@2x.png
/opt/data/home/.cache/uv/archive-v0/cAu3GQ3z1kVKUmSyPEQV4/PySide6/Qt/qml/QtQuick3D/Particles3D/designer/images/point-rotator-24px.png
/opt/data/home/.cache/uv/archive-v0/cAu3GQ3z1kVKUmSyPEQV4/PySide6/Qt/qml/QtQuick3D/Particles3D/designer/images/target-direction-24px@2x.png
/opt/data/home/.cache/uv/archive-v0/cAu3GQ3z1kVKUmSyPEQV4/PySide6/Qt/qml/QtQuick3D/Particles3D/designer/images/sprite-sequence-24px.png
/opt/data/home/.cache/uv/archive-v0/cAu3GQ3z1kVKUmSyPEQV4/PySide6/Qt/qml/QtQuick3D/Particles3D/designer/images/target-direction-16px.png
/opt/data/home/.cache/uv/archive-v0/cAu3GQ3z1kVKUmSyPEQV4/PySide6/Qt/qml/QtQuick3D/Particles3D/designer/images/scale-affector-24px@2x.png
/opt/data/home/.cache/uv/archive-v0/cAu3GQ3z1kVKUmSyPEQV4/PySide6/Qt/qml/QtQuick3D/Particles3D/designer/images/line-particle-16px.png
/opt/data/home/.cache/uv/archive-v0/cAu3GQ3z1kVKUmSyPEQV4/PySide6/Qt/qml/QtQuick3D/Particles3D/designer/images/sprite-particle-16px.png
/opt/data/home/.cache/uv/archive-v0/cAu3GQ3z1kVKUmSyPEQV4/PySide6/Qt/qml/QtQuick3D/Particles3D/designer/images/target-direction-24px.png
/opt/data/home/.cache/uv/archive-v0/cAu3GQ3z1kVKUmSyPEQV4/PySide6/Qt/qml/QtQuick3D/Particles3D/designer/images/model-particle-24px@2x.png
/opt/data/home/.cache/uv/archive-v0/cAu3GQ3z1kVKUmSyPEQV4/PySide6/Qt/qml/QtQuick3D/Particles3D/designer/images/trail-emitter-24px@2x.png
/opt/data/home/.cache/uv/archive-v0/cAu3GQ3z1kVKUmSyPEQV4/PySide6/Qt/qml/QtQuick3D/Particles3D/designer/images/line-particle-24px@2x.png
/opt/data/home/.cache/uv/archive-v0/cAu3GQ3z1kVKUmSyPEQV4/PySide6/Qt/qml/QtQuick3D/Particles3D/designer/images/trail-emitter-24px.png
/opt/data/home/.cache/uv/archive-v0/cAu3GQ3z1kVKUmSyPEQV4/PySide6/Qt/qml/QtQuick3D/Particles3D/designer/images/vector-direction-24px.png
/opt/data/home/.cache/uv/archive-v0/cAu3GQ3z1kVKUmSyPEQV4/PySide6/Qt/qml/QtQuick3D/Particles3D/designer/images/particle-shape-24px@2x.png
/opt/data/home/.cache/uv/archive-v0/cAu3GQ3z1kVKUmSyPEQV4/PySide6/Qt/qml/QtQuick3D/Particles3D/designer/images/gravity-16px.png
/opt/data/home/.cache/uv/archive-v0/cAu3GQ3z1kVKUmSyPEQV4/PySide6/Qt/qml/QtQuick3D/Particles3D/designer/images/model-particle-24px.png
/opt/data/home/.cache/uv/archive-v0/cAu3GQ3z1kVKUmSyPEQV4/PySide6/Qt/qml/QtQuick3D/Particles3D/designer/images/particle-system-24px@2x.png
/opt/data/home/.cache/uv/archive-v0/cAu3GQ3z1kVKUmSyPEQV4/PySide6/Qt/qml/QtQuick3D/Particles3D/designer/images/vector-direction-24px@2x.png
/opt/data/home/.cache/uv/archive-v0/cAu3GQ3z1kVKUmSyPEQV4/PySide6/Qt/qml/QtQuick3D/Particles3D/designer/images/dummy16.png
/opt/data/home/.cache/uv/archive-v0/cAu3GQ3z1kVKUmSyPEQV4/PySide6/Qt/qml/QtQuick3D/Particles3D/designer/images/line-particle-24px.png
/opt/data/home/.cache/uv/archive-v0/cAu3GQ3z1kVKUmSyPEQV4/PySide6/Qt/qml/QtQuick3D/Particles3D/designer/images/emit-burst-24px@2x.png
/opt/data/home/.cache/uv/archive-v0/cAu3GQ3z1kVKUmSyPEQV4/PySide6/Qt/qml/QtQuick3D/Particles3D/designer/images/dummy.png
/opt/data/home/.cache/uv/archive-v0/cAu3GQ3z1kVKUmSyPEQV4/PySide6/Qt/qml/QtQuick3D/Particles3D/designer/images/particle-custom-shape-24px@2x.png
/opt/data/home/.cache/uv/archive-v0/cAu3GQ3z1kVKUmSyPEQV4/PySide6/Qt/qml/QtQuick3D/Particles3D/designer/images/wander-16px.png
/opt/data/home/.cache/uv/archive-v0/cAu3GQ3z1kVKUmSyPEQV4/PySide6/Qt/qml/QtQuick3D/Particles3D/designer/images/wander-24px@2x.png
/opt/data/home/.cache/uv/archive-v0/cAu3GQ3z1kVKUmSyPEQV4/PySide6/Qt/qml/QtQuick3D/Particles3D/designer/images/scale-affector-16px.png
/opt/data/home/.cache/uv/archive-v0/cAu3GQ3z1kVKUmSyPEQV4/PySide6/Qt/qml/QtQuick3D/Particles3D/designer/images/particle-shape-16px.png
/opt/data/home/.cache/uv/archive-v0/cAu3GQ3z1kVKUmSyPEQV4/PySide6/Qt/qml/QtQuick3D/Particles3D/designer/images/gravity-24px@2x.png
/opt/data/home/.cache/uv/archive-v0/cAu3GQ3z1kVKUmSyPEQV4/PySide6/Qt/qml/QtQuick3D/Particles3D/designer/images/attractor-24px.png
/opt/data/home/.cache/uv/archive-v0/cAu3GQ3z1kVKUmSyPEQV4/PySide6/Qt/qml/QtQuick3D/Particles3D/designer/images/emitter-16px.png
/opt/data/home/.cache/uv/archive-v0/cAu3GQ3z1kVKUmSyPEQV4/PySide6/Qt/qml/QtQuick3D/Particles3D/designer/images/particle-custom-shape-16px.png
/opt/data/home/.cache/uv/archive-v0/cAu3GQ3z1kVKUmSyPEQV4/PySide6/Qt/qml/QtQuick3D/Particles3D/designer/images/model-blend-particle-24px@2x.png
/opt/data/home/.cache/uv/archive-v0/cAu3GQ3z1kVKUmSyPEQV4/PySide6/Qt/qml/QtQuick3D/Particles3D/designer/images/model-blend-particle-16px.png
/opt/data/home/.cache/uv/archive-v0/cAu3GQ3z1kVKUmSyPEQV4/PySide6/Qt/qml/QtQuick3D/Particles3D/designer/images/model-shape-24px.png
/opt/data/home/.cache/uv/archive-v0/cAu3GQ3z1kVKUmSyPEQV4/PySide6/Qt/qml/QtQuick3D/Particles3D/designer/images/model-particle-16px.png
/opt/data/home/.cache/uv/archive-v0/cAu3GQ3z1kVKUmSyPEQV4/PySide6/Qt/qml/QtQuick3D/Particles3D/designer/images/emitter-24px.png
/opt/data/home/.cache/uv/archive-v0/cAu3GQ3z1kVKUmSyPEQV4/PySide6/Qt/qml/QtQuick3D/Particles3D/designer/images/attractor-16px.png
/opt/data/home/.cache/uv/archive-v0/cAu3GQ3z1kVKUmSyPEQV4/PySide6/Qt/qml/QtQuick3D/Particles3D/designer/images/sprite-particle-24px@2x.png
/opt/data/home/.cache/uv/archive-v0/cAu3GQ3z1kVKUmSyPEQV4/PySide6/Qt/qml/QtQuick3D/Particles3D/designer/images/trail-emitter-16px.png
/opt/data/home/.cache/uv/archive-v0/cAu3GQ3z1kVKUmSyPEQV4/PySide6/Qt/qml/QtQuick3D/Particles3D/designer/images/repeller-24px@2x.png
/opt/data/home/.cache/uv/archive-v0/cAu3GQ3z1kVKUmSyPEQV4/PySide6/Qt/qml/QtQuick3D/Particles3D/designer/images/model-blend-particle-24px.png
/opt/data/home/.cache/uv/archive-v0/cAu3GQ3z1kVKUmSyPEQV4/PySide6/Qt/qml/QtQuick3D/Particles3D/designer/images/wander-24px.png
/opt/data/home/.cache/uv/archive-v0/cAu3GQ3z1kVKUmSyPEQV4/PySide6/Qt/qml/QtQuick3D/Particles3D/designer/images/gravity-24px.png
/opt/data/home/.cache/uv/archive-v0/cAu3GQ3z1kVKUmSyPEQV4/PySide6/Qt/qml/QtQuick3D/Particles3D/designer/images/scale-affector-24px.png
/opt/data/home/.cache/uv/archive-v0/cAu3GQ3z1kVKUmSyPEQV4/PySide6/Qt/qml/QtQuick3D/Particles3D/designer/images/repeller-16px.png
/opt/data/home/.cache/uv/archive-v0/cAu3GQ3z1kVKUmSyPEQV4/PySide6/Qt/qml/QtQuick3D/Particles3D/designer/images/emit-burst-16px.png
/opt/data/home/.cache/uv/archive-v0/cAu3GQ3z1kVKUmSyPEQV4/PySide6/Qt/qml/QtQuick3D/Particles3D/designer/images/particle-system-16px.png
/opt/data/home/.cache/uv/archive-v0/cAu3GQ3z1kVKUmSyPEQV4/PySide6/Qt/qml/QtQuick3D/Particles3D/designer/images/particle-shape-24px.png
/opt/data/home/.cache/uv/archive-v0/cAu3GQ3z1kVKUmSyPEQV4/PySide6/Qt/qml/QtQuick3D/Particles3D/designer/images/particle-system-24px.png
/opt/data/home/.cache/uv/archive-v0/cAu3GQ3z1kVKUmSyPEQV4/PySide6/Qt/qml/QtQuick3D/Particles3D/designer/images/attractor-24px@2x.png
/opt/data/home/.cache/uv/archive-v0/cAu3GQ3z1kVKUmSyPEQV4/PySide6/Qt/qml/QtQuick3D/Particles3D/designer/images/emitter-24px@2x.png
/opt/data/home/.cache/uv/archive-v0/cAu3GQ3z1kVKUmSyPEQV4/PySide6/Qt/qml/QtQuick3D/Particles3D/designer/images/point-rotator-16px.png
/opt/data/home/.cache/uv/archive-v0/cAu3GQ3z1kVKUmSyPEQV4/PySide6/Qt/qml/QtQuick3D/Particles3D/designer/images/sprite-sequence-24px@2x.png
/opt/data/home/.cache/uv/archive-v0/cAu3GQ3z1kVKUmSyPEQV4/PySide6/Qt/qml/QtQuick3D/Particles3D/designer/images/particle-custom-shape-24px.png
/opt/data/home/.cache/uv/archive-v0/cAu3GQ3z1kVKUmSyPEQV4/PySide6/Qt/qml/QtQuick3D/Particles3D/designer/images/sprite-particle-24px.png
/opt/data/home/.cache/uv/archive-v0/cAu3GQ3z1kVKUmSyPEQV4/PySide6/Qt/qml/QtQuick3D/Particles3D/designer/images/model-shape-16px.png
/opt/data/home/.cache/uv/archive-v0/cAu3GQ3z1kVKUmSyPEQV4/PySide6/Qt/qml/QtQuick3D/Particles3D/designer/images/dummy@2x.png
/opt/data/home/.cache/uv/archive-v0/cAu3GQ3z1kVKUmSyPEQV4/PySide6/Qt/qml/QtQuick3D/Effects/designer/images/effect.png
/opt/data/home/.cache/uv/archive-v0/cAu3GQ3z1kVKUmSyPEQV4/PySide6/Qt/qml/QtQuick3D/Effects/designer/images/effect16.png
/opt/data/home/.cache/uv/archive-v0/cAu3GQ3z1kVKUmSyPEQV4/PySide6/Qt/qml/QtQuick3D/Effects/designer/images/effect@2x.png
/opt/data/home/.cache/uv/archive-v0/cAu3GQ3z1kVKUmSyPEQV4/PySide6/Qt/qml/QtQuick3D/AssetUtils/designer/images/dummy16.png
/opt/data/home/.cache/uv/archive-v0/cAu3GQ3z1kVKUmSyPEQV4/PySide6/Qt/qml/QtQuick3D/AssetUtils/designer/images/dummy.png
/opt/data/home/.cache/uv/archive-v0/cAu3GQ3z1kVKUmSyPEQV4/PySide6/Qt/qml/QtQuick3D/AssetUtils/designer/images/runtimeloader.png
/opt/data/home/.cache/uv/archive-v0/cAu3GQ3z1kVKUmSyPEQV4/PySide6/Qt/qml/QtQuick3D/AssetUtils/designer/images/runtimeloader@2x.png
/opt/data/home/.cache/uv/archive-v0/cAu3GQ3z1kVKUmSyPEQV4/PySide6/Qt/qml/QtQuick3D/AssetUtils/designer/images/runtimeloader16.png
/opt/data/home/.cache/uv/archive-v0/cAu3GQ3z1kVKUmSyPEQV4/PySide6/Qt/qml/QtQuick3D/AssetUtils/designer/images/dummy@2x.png
/opt/data/home/.cache/uv/archive-v0/cAu3GQ3z1kVKUmSyPEQV4/PySide6/Qt/qml/QtQuick3D/ParticleEffects/designer/images/color_table2.png
/opt/data/home/.cache/uv/archive-v0/cAu3GQ3z1kVKUmSyPEQV4/PySide6/Qt/qml/QtQuick3D/ParticleEffects/designer/images/color_table.png
/opt/data/home/.cache/uv/archive-v0/cAu3GQ3z1kVKUmSyPEQV4/PySide6/Qt/qml/QtQuick3D/ParticleEffects/designer/images/droplet.png
/opt/data/home/.cache/uv/archive-v0/cAu3GQ3z1kVKUmSyPEQV4/PySide6/Qt/qml/QtQuick3D/ParticleEffects/designer/images/ripple.png
/opt/data/home/.cache/uv/archive-v0/cAu3GQ3z1kVKUmSyPEQV4/PySide6/Qt/qml/QtQuick3D/ParticleEffects/designer/images/rain.png
/opt/data/home/.cache/uv/archive-v0/cAu3GQ3z1kVKUmSyPEQV4/PySide6/Qt/qml/QtQuick3D/ParticleEffects/designer/images/snowflake.png
/opt/data/home/.cache/uv/archive-v0/cAu3GQ3z1kVKUmSyPEQV4/PySide6/Qt/qml/QtQuick3D/ParticleEffects/designer/images/dummy16.png
/opt/data/home/.cache/uv/archive-v0/cAu3GQ3z1kVKUmSyPEQV4/PySide6/Qt/qml/QtQuick3D/ParticleEffects/designer/images/dummy.png
/opt/data/home/.cache/uv/archive-v0/cAu3GQ3z1kVKUmSyPEQV4/PySide6/Qt/qml/QtQuick3D/ParticleEffects/designer/images/sphere.png
/opt/data/home/.cache/uv/archive-v0/cAu3GQ3z1kVKUmSyPEQV4/PySide6/Qt/qml/QtQuick3D/ParticleEffects/designer/images/splash7.png
/opt/data/home/.cache/uv/archive-v0/cAu3GQ3z1kVKUmSyPEQV4/PySide6/Qt/qml/QtQuick3D/ParticleEffects/designer/images/smoke_sprite.png
/opt/data/home/.cache/uv/archive-v0/cAu3GQ3z1kVKUmSyPEQV4/PySide6/Qt/qml/QtQuick3D/ParticleEffects/designer/images/smoke2.png
/opt/data/home/.cache/uv/archive-v0/cAu3GQ3z1kVKUmSyPEQV4/PySide6/Qt/qml/QtQuick3D/ParticleEffects/designer/images/smoke_sprite2.png
/opt/data/home/.cache/uv/archive-v0/cAu3GQ3z1kVKUmSyPEQV4/PySide6/Qt/qml/QtQuick3D/ParticleEffects/designer/images/dummy@2x.png
/opt/data/home/.cache/uv/archive-v0/cAu3GQ3z1kVKUmSyPEQV4/PySide6/Qt/qml/QtQuick3D/designer/images/debugsettings.png
/opt/data/home/.cache/uv/archive-v0/cAu3GQ3z1kVKUmSyPEQV4/PySide6/Qt/qml/QtQuick3D/designer/images/plane@2x.png
/opt/data/home/.cache/uv/archive-v0/cAu3GQ3z1kVKUmSyPEQV4/PySide6/Qt/qml/QtQuick3D/designer/images/instancelistentry16.png
/opt/data/home/.cache/uv/archive-v0/cAu3GQ3z1kVKUmSyPEQV4/PySide6/Qt/qml/QtQuick3D/designer/images/material16.png
/opt/data/home/.cache/uv/archive-v0/cAu3GQ3z1kVKUmSyPEQV4/PySide6/Qt/qml/QtQuick3D/designer/images/skeleton@2x.png
/opt/data/home/.cache/uv/archive-v0/cAu3GQ3z1kVKUmSyPEQV4/PySide6/Qt/qml/QtQuick3D/designer/images/joint.png
/opt/data/home/.cache/uv/archive-v0/cAu3GQ3z1kVKUmSyPEQV4/PySide6/Qt/qml/QtQuick3D/designer/images/camera.png
/opt/data/home/.cache/uv/archive-v0/cAu3GQ3z1kVKUmSyPEQV4/PySide6/Qt/qml/QtQuick3D/designer/images/debugsettings@2x.png
/opt/data/home/.cache/uv/archive-v0/cAu3GQ3z1kVKUmSyPEQV4/PySide6/Qt/qml/QtQuick3D/designer/images/fog.png
/opt/data/home/.cache/uv/archive-v0/cAu3GQ3z1kVKUmSyPEQV4/PySide6/Qt/qml/QtQuick3D/designer/images/lightpoint.png
/opt/data/home/.cache/uv/archive-v0/cAu3GQ3z1kVKUmSyPEQV4/PySide6/Qt/qml/QtQuick3D/designer/images/resourceloader.png
/opt/data/home/.cache/uv/archive-v0/cAu3GQ3z1kVKUmSyPEQV4/PySide6/Qt/qml/QtQuick3D/designer/images/cylinder.png
/opt/data/home/.cache/uv/archive-v0/cAu3GQ3z1kVKUmSyPEQV4/PySide6/Qt/qml/QtQuick3D/designer/images/reflectionProbe16.png
/opt/data/home/.cache/uv/archive-v0/cAu3GQ3z1kVKUmSyPEQV4/PySide6/Qt/qml/QtQuick3D/designer/images/effect.png
/opt/data/home/.cache/uv/archive-v0/cAu3GQ3z1kVKUmSyPEQV4/PySide6/Qt/qml/QtQuick3D/designer/images/resourceloader16.png
/opt/data/home/.cache/uv/archive-v0/cAu3GQ3z1kVKUmSyPEQV4/PySide6/Qt/qml/QtQuick3D/designer/images/instancelistentry@2x.png
/opt/data/home/.cache/uv/archive-v0/cAu3GQ3z1kVKUmSyPEQV4/PySide6/Qt/qml/QtQuick3D/designer/images/lightdirectional@2x.png
/opt/data/home/.cache/uv/archive-v0/cAu3GQ3z1kVKUmSyPEQV4/PySide6/Qt/qml/QtQuick3D/designer/images/joint16.png
/opt/data/home/.cache/uv/archive-v0/cAu3GQ3z1kVKUmSyPEQV4/PySide6/Qt/qml/QtQuick3D/designer/images/morphtarget16.png
/opt/data/home/.cache/uv/archive-v0/cAu3GQ3z1kVKUmSyPEQV4/PySide6/Qt/qml/QtQuick3D/designer/images/camera16.png
/opt/data/home/.cache/uv/archive-v0/cAu3GQ3z1kVKUmSyPEQV4/PySide6/Qt/qml/QtQuick3D/designer/images/fileinstancing16.png
/opt/data/home/.cache/uv/archive-v0/cAu3GQ3z1kVKUmSyPEQV4/PySide6/Qt/qml/QtQuick3D/designer/images/skeleton16.png
/opt/data/home/.cache/uv/archive-v0/cAu3GQ3z1kVKUmSyPEQV4/PySide6/Qt/qml/QtQuick3D/designer/images/loader3d16.png
/opt/data/home/.cache/uv/archive-v0/cAu3GQ3z1kVKUmSyPEQV4/PySide6/Qt/qml/QtQuick3D/designer/images/skeleton.png
/opt/data/home/.cache/uv/archive-v0/cAu3GQ3z1kVKUmSyPEQV4/PySide6/Qt/qml/QtQuick3D/designer/images/effect16.png
/opt/data/home/.cache/uv/archive-v0/cAu3GQ3z1kVKUmSyPEQV4/PySide6/Qt/qml/QtQuick3D/designer/images/debugsettings16.png
/opt/data/home/.cache/uv/archive-v0/cAu3GQ3z1kVKUmSyPEQV4/PySide6/Qt/qml/QtQuick3D/designer/images/repeater3d.png
/opt/data/home/.cache/uv/archive-v0/cAu3GQ3z1kVKUmSyPEQV4/PySide6/Qt/qml/QtQuick3D/designer/images/cone.png
/opt/data/home/.cache/uv/archive-v0/cAu3GQ3z1kVKUmSyPEQV4/PySide6/Qt/qml/QtQuick3D/designer/images/cone@2x.png
/opt/data/home/.cache/uv/archive-v0/cAu3GQ3z1kVKUmSyPEQV4/PySide6/Qt/qml/QtQuick3D/designer/images/lightmapper16.png
/opt/data/home/.cache/uv/archive-v0/cAu3GQ3z1kVKUmSyPEQV4/PySide6/Qt/qml/QtQuick3D/designer/images/cylinder16.png
/opt/data/home/.cache/uv/archive-v0/cAu3GQ3z1kVKUmSyPEQV4/PySide6/Qt/qml/QtQuick3D/designer/images/morphtarget@2x.png
/opt/data/home/.cache/uv/archive-v0/cAu3GQ3z1kVKUmSyPEQV4/PySide6/Qt/qml/QtQuick3D/designer/images/cubemaptexture.png
/opt/data/home/.cache/uv/archive-v0/cAu3GQ3z1kVKUmSyPEQV4/PySide6/Qt/qml/QtQuick3D/designer/images/cube16.png
/opt/data/home/.cache/uv/archive-v0/cAu3GQ3z1kVKUmSyPEQV4/PySide6/Qt/qml/QtQuick3D/designer/images/view3D.png
/opt/data/home/.cache/uv/archive-v0/cAu3GQ3z1kVKUmSyPEQV4/PySide6/Qt/qml/QtQuick3D/designer/images/group@2x.png
/opt/data/home/.cache/uv/archive-v0/cAu3GQ3z1kVKUmSyPEQV4/PySide6/Qt/qml/QtQuick3D/designer/images/camera@2x.png
/opt/data/home/.cache/uv/archive-v0/cAu3GQ3z1kVKUmSyPEQV4/PySide6/Qt/qml/QtQuick3D/designer/images/dummy16.png
/opt/data/home/.cache/uv/archive-v0/cAu3GQ3z1kVKUmSyPEQV4/PySide6/Qt/qml/QtQuick3D/designer/images/shadercommand.png
/opt/data/home/.cache/uv/archive-v0/cAu3GQ3z1kVKUmSyPEQV4/PySide6/Qt/qml/QtQuick3D/designer/images/material@2x.png
/opt/data/home/.cache/uv/archive-v0/cAu3GQ3z1kVKUmSyPEQV4/PySide6/Qt/qml/QtQuick3D/designer/images/shaderutil16.png
/opt/data/home/.cache/uv/archive-v0/cAu3GQ3z1kVKUmSyPEQV4/PySide6/Qt/qml/QtQuick3D/designer/images/lightspot16.png
/opt/data/home/.cache/uv/archive-v0/cAu3GQ3z1kVKUmSyPEQV4/PySide6/Qt/qml/QtQuick3D/designer/images/cylinder@2x.png
/opt/data/home/.cache/uv/archive-v0/cAu3GQ3z1kVKUmSyPEQV4/PySide6/Qt/qml/QtQuick3D/designer/images/dummy.png
/opt/data/home/.cache/uv/archive-v0/cAu3GQ3z1kVKUmSyPEQV4/PySide6/Qt/qml/QtQuick3D/designer/images/lightmapper@2x.png
/opt/data/home/.cache/uv/archive-v0/cAu3GQ3z1kVKUmSyPEQV4/PySide6/Qt/qml/QtQuick3D/designer/images/cube.png
/opt/data/home/.cache/uv/archive-v0/cAu3GQ3z1kVKUmSyPEQV4/PySide6/Qt/qml/QtQuick3D/designer/images/material.png
/opt/data/home/.cache/uv/archive-v0/cAu3GQ3z1kVKUmSyPEQV4/PySide6/Qt/qml/QtQuick3D/designer/images/sphere.png
/opt/data/home/.cache/uv/archive-v0/cAu3GQ3z1kVKUmSyPEQV4/PySide6/Qt/qml/QtQuick3D/designer/images/fileinstancing.png
/opt/data/home/.cache/uv/archive-v0/cAu3GQ3z1kVKUmSyPEQV4/PySide6/Qt/qml/QtQuick3D/designer/images/scene.png
/opt/data/home/.cache/uv/archive-v0/cAu3GQ3z1kVKUmSyPEQV4/PySide6/Qt/qml/QtQuick3D/designer/images/instancelist.png
/opt/data/home/.cache/uv/archive-v0/cAu3GQ3z1kVKUmSyPEQV4/PySide6/Qt/qml/QtQuick3D/designer/images/sphere@2x.png
/opt/data/home/.cache/uv/archive-v0/cAu3GQ3z1kVKUmSyPEQV4/PySide6/Qt/qml/QtQuick3D/designer/images/instancelistentry.png
/opt/data/home/.cache/uv/archive-v0/cAu3GQ3z1kVKUmSyPEQV4/PySide6/Qt/qml/QtQuick3D/designer/images/instancelist16.png
/opt/data/home/.cache/uv/archive-v0/cAu3GQ3z1kVKUmSyPEQV4/PySide6/Qt/qml/QtQuick3D/designer/images/fileinstancing@2x.png
/opt/data/home/.cache/uv/archive-v0/cAu3GQ3z1kVKUmSyPEQV4/PySide6/Qt/qml/QtQuick3D/designer/images/texture16.png
/opt/data/home/.cache/uv/archive-v0/cAu3GQ3z1kVKUmSyPEQV4/PySide6/Qt/qml/QtQuick3D/designer/images/lightspot.png
/opt/data/home/.cache/uv/archive-v0/cAu3GQ3z1kVKUmSyPEQV4/PySide6/Qt/qml/QtQuick3D/designer/images/cube@2x.png
/opt/data/home/.cache/uv/archive-v0/cAu3GQ3z1kVKUmSyPEQV4/PySide6/Qt/qml/QtQuick3D/designer/images/shadercommand16.png
/opt/data/home/.cache/uv/archive-v0/cAu3GQ3z1kVKUmSyPEQV4/PySide6/Qt/qml/QtQuick3D/designer/images/skin.png
/opt/data/home/.cache/uv/archive-v0/cAu3GQ3z1kVKUmSyPEQV4/PySide6/Qt/qml/QtQuick3D/designer/images/joint@2x.png
/opt/data/home/.cache/uv/archive-v0/cAu3GQ3z1kVKUmSyPEQV4/PySide6/Qt/qml/QtQuick3D/designer/images/plane.png
/opt/data/home/.cache/uv/archive-v0/cAu3GQ3z1kVKUmSyPEQV4/PySide6/Qt/qml/QtQuick3D/designer/images/shadercommand@2x.png
/opt/data/home/.cache/uv/archive-v0/cAu3GQ3z1kVKUmSyPEQV4/PySide6/Qt/qml/QtQuick3D/designer/images/group16.png
/opt/data/home/.cache/uv/archive-v0/cAu3GQ3z1kVKUmSyPEQV4/PySide6/Qt/qml/QtQuick3D/designer/images/group.png
/opt/data/home/.cache/uv/archive-v0/cAu3GQ3z1kVKUmSyPEQV4/PySide6/Qt/qml/QtQuick3D/designer/images/view3D@2x.png
/opt/data/home/.cache/uv/archive-v0/cAu3GQ3z1kVKUmSyPEQV4/PySide6/Qt/qml/QtQuick3D/designer/images/plane16.png
/opt/data/home/.cache/uv/archive-v0/cAu3GQ3z1kVKUmSyPEQV4/PySide6/Qt/qml/QtQuick3D/designer/images/cubemaptexture@2x.png
/opt/data/home/.cache/uv/archive-v0/cAu3GQ3z1kVKUmSyPEQV4/PySide6/Qt/qml/QtQuick3D/designer/images/instancelist@2x.png
/opt/data/home/.cache/uv/archive-v0/cAu3GQ3z1kVKUmSyPEQV4/PySide6/Qt/qml/QtQuick3D/designer/images/custommaterial16.png
/opt/data/home/.cache/uv/archive-v0/cAu3GQ3z1kVKUmSyPEQV4/PySide6/Qt/qml/QtQuick3D/designer/images/scene@2x.png
/opt/data/home/.cache/uv/archive-v0/cAu3GQ3z1kVKUmSyPEQV4/PySide6/Qt/qml/QtQuick3D/designer/images/view3D16.png
/opt/data/home/.cache/uv/archive-v0/cAu3GQ3z1kVKUmSyPEQV4/PySide6/Qt/qml/QtQuick3D/designer/images/reflectionProbe.png
/opt/data/home/.cache/uv/archive-v0/cAu3GQ3z1kVKUmSyPEQV4/PySide6/Qt/qml/QtQuick3D/designer/images/texture.png
/opt/data/home/.cache/uv/archive-v0/cAu3GQ3z1kVKUmSyPEQV4/PySide6/Qt/qml/QtQuick3D/designer/images/skin16.png
/opt/data/home/.cache/uv/archive-v0/cAu3GQ3z1kVKUmSyPEQV4/PySide6/Qt/qml/QtQuick3D/designer/images/lightdirectional.png
/opt/data/home/.cache/uv/archive-v0/cAu3GQ3z1kVKUmSyPEQV4/PySide6/Qt/qml/QtQuick3D/designer/images/fog16.png
/opt/data/home/.cache/uv/archive-v0/cAu3GQ3z1kVKUmSyPEQV4/PySide6/Qt/qml/QtQuick3D/designer/images/loader3d@2x.png
/opt/data/home/.cache/uv/archive-v0/cAu3GQ3z1kVKUmSyPEQV4/PySide6/Qt/qml/QtQuick3D/designer/images/reflectionProbe@2x.png
/opt/data/home/.cache/uv/archive-v0/cAu3GQ3z1kVKUmSyPEQV4/PySide6/Qt/qml/QtQuick3D/designer/images/shaderutil@2x.png
/opt/data/home/.cache/uv/archive-v0/cAu3GQ3z1kVKUmSyPEQV4/PySide6/Qt/qml/QtQuick3D/designer/images/lightmapper.png
/opt/data/home/.cache/uv/archive-v0/cAu3GQ3z1kVKUmSyPEQV4/PySide6/Qt/qml/QtQuick3D/designer/images/custommaterial@2x.png
/opt/data/home/.cache/uv/archive-v0/cAu3GQ3z1kVKUmSyPEQV4/PySide6/Qt/qml/QtQuick3D/designer/images/cone16.png
/opt/data/home/.cache/uv/archive-v0/cAu3GQ3z1kVKUmSyPEQV4/PySide6/Qt/qml/QtQuick3D/designer/images/shaderutil.png
/opt/data/home/.cache/uv/archive-v0/cAu3GQ3z1kVKUmSyPEQV4/PySide6/Qt/qml/QtQuick3D/designer/images/fog@2x.png
/opt/data/home/.cache/uv/archive-v0/cAu3GQ3z1kVKUmSyPEQV4/PySide6/Qt/qml/QtQuick3D/designer/images/skin@2x.png
/opt/data/home/.cache/uv/archive-v0/cAu3GQ3z1kVKUmSyPEQV4/PySide6/Qt/qml/QtQuick3D/designer/images/model16.png
/opt/data/home/.cache/uv/archive-v0/cAu3GQ3z1kVKUmSyPEQV4/PySide6/Qt/qml/QtQuick3D/designer/images/repeater3d@2x.png
/opt/data/home/.cache/uv/archive-v0/cAu3GQ3z1kVKUmSyPEQV4/PySide6/Qt/qml/QtQuick3D/designer/images/scene16.png
/opt/data/home/.cache/uv/archive-v0/cAu3GQ3z1kVKUmSyPEQV4/PySide6/Qt/qml/QtQuick3D/designer/images/loader3d.png
/opt/data/home/.cache/uv/archive-v0/cAu3GQ3z1kVKUmSyPEQV4/PySide6/Qt/qml/QtQuick3D/designer/images/texture@2x.png
/opt/data/home/.cache/uv/archive-v0/cAu3GQ3z1kVKUmSyPEQV4/PySide6/Qt/qml/QtQuick3D/designer/images/lightpoint16.png
/opt/data/home/.cache/uv/archive-v0/cAu3GQ3z1kVKUmSyPEQV4/PySide6/Qt/qml/QtQuick3D/designer/images/lightspot@2x.png
/opt/data/home/.cache/uv/archive-v0/cAu3GQ3z1kVKUmSyPEQV4/PySide6/Qt/qml/QtQuick3D/designer/images/morphtarget.png
/opt/data/home/.cache/uv/archive-v0/cAu3GQ3z1kVKUmSyPEQV4/PySide6/Qt/qml/QtQuick3D/designer/images/lightpoint@2x.png
/opt/data/home/.cache/uv/archive-v0/cAu3GQ3z1kVKUmSyPEQV4/PySide6/Qt/qml/QtQuick3D/designer/images/custommaterial.png
/opt/data/home/.cache/uv/archive-v0/cAu3GQ3z1kVKUmSyPEQV4/PySide6/Qt/qml/QtQuick3D/designer/images/sphere16.png
/opt/data/home/.cache/uv/archive-v0/cAu3GQ3z1kVKUmSyPEQV4/PySide6/Qt/qml/QtQuick3D/designer/images/lightdirectional16.png
/opt/data/home/.cache/uv/archive-v0/cAu3GQ3z1kVKUmSyPEQV4/PySide6/Qt/qml/QtQuick3D/designer/images/effect@2x.png
/opt/data/home/.cache/uv/archive-v0/cAu3GQ3z1kVKUmSyPEQV4/PySide6/Qt/qml/QtQuick3D/designer/images/cubemaptexture16.png
/opt/data/home/.cache/uv/archive-v0/cAu3GQ3z1kVKUmSyPEQV4/PySide6/Qt/qml/QtQuick3D/designer/images/dummy@2x.png
/opt/data/home/.cache/uv/archive-v0/cAu3GQ3z1kVKUmSyPEQV4/PySide6/Qt/qml/QtQuick3D/designer/images/repeater3d16.png
/opt/data/home/.cache/uv/archive-v0/cAu3GQ3z1kVKUmSyPEQV4/PySide6/Qt/qml/QtQuick3D/designer/images/resourceloader@2x.png
/opt/data/home/.cache/uv/archive-v0/cAu3GQ3z1kVKUmSyPEQV4/PySide6/Qt/qml/QtQuick3D/Helpers/designer/images/infinitegrid16.png
/opt/data/home/.cache/uv/archive-v0/cAu3GQ3z1kVKUmSyPEQV4/PySide6/Qt/qml/QtQuick3D/Helpers/designer/images/orbitcameracontroller@2x.png
/opt/data/home/.cache/uv/archive-v0/cAu3GQ3z1kVKUmSyPEQV4/PySide6/Qt/qml/QtQuick3D/Helpers/designer/images/orbitcameracontroller.png
/opt/data/home/.cache/uv/archive-v0/cAu3GQ3z1kVKUmSyPEQV4/PySide6/Qt/qml/QtQuick3D/Helpers/designer/images/extendedsceneenvironment@2x.png
/opt/data/home/.cache/uv/archive-v0/cAu3GQ3z1kVKUmSyPEQV4/PySide6/Qt/qml/QtQuick3D/Helpers/designer/images/debugview.png
/opt/data/home/.cache/uv/archive-v0/cAu3GQ3z1kVKUmSyPEQV4/PySide6/Qt/qml/QtQuick3D/Helpers/designer/images/lookatnode@2x.png
/opt/data/home/.cache/uv/archive-v0/cAu3GQ3z1kVKUmSyPEQV4/PySide6/Qt/qml/QtQuick3D/Helpers/designer/images/infinitegrid@2x.png
/opt/data/home/.cache/uv/archive-v0/cAu3GQ3z1kVKUmSyPEQV4/PySide6/Qt/qml/QtQuick3D/Helpers/designer/images/infinitegrid.png
/opt/data/home/.cache/uv/archive-v0/cAu3GQ3z1kVKUmSyPEQV4/PySide6/Qt/qml/QtQuick3D/Helpers/designer/images/lodmanager16.png
/opt/data/home/.cache/uv/archive-v0/cAu3GQ3z1kVKUmSyPEQV4/PySide6/Qt/qml/QtQuick3D/Helpers/designer/images/lodmanager@2x.png
/opt/data/home/.cache/uv/archive-v0/cAu3GQ3z1kVKUmSyPEQV4/PySide6/Qt/qml/QtQuick3D/Helpers/designer/images/debugview16.png
/opt/data/home/.cache/uv/archive-v0/cAu3GQ3z1kVKUmSyPEQV4/PySide6/Qt/qml/QtQuick3D/Helpers/designer/images/heightfieldgeometry@2x.png
/opt/data/home/.cache/uv/archive-v0/cAu3GQ3z1kVKUmSyPEQV4/PySide6/Qt/qml/QtQuick3D/Helpers/designer/images/dummy16.png
/opt/data/home/.cache/uv/archive-v0/cAu3GQ3z1kVKUmSyPEQV4/PySide6/Qt/qml/QtQuick3D/Helpers/designer/images/extendedsceneenvironment16.png
/opt/data/home/.cache/uv/archive-v0/cAu3GQ3z1kVKUmSyPEQV4/PySide6/Qt/qml/QtQuick3D/Helpers/designer/images/instancerepeater16.png
/opt/data/home/.cache/uv/archive-v0/cAu3GQ3z1kVKUmSyPEQV4/PySide6/Qt/qml/QtQuick3D/Helpers/designer/images/axishelper@2x.png
/opt/data/home/.cache/uv/archive-v0/cAu3GQ3z1kVKUmSyPEQV4/PySide6/Qt/qml/QtQuick3D/Helpers/designer/images/dummy.png
/opt/data/home/.cache/uv/archive-v0/cAu3GQ3z1kVKUmSyPEQV4/PySide6/Qt/qml/QtQuick3D/Helpers/designer/images/heightfieldgeometry.png
/opt/data/home/.cache/uv/archive-v0/cAu3GQ3z1kVKUmSyPEQV4/PySide6/Qt/qml/QtQuick3D/Helpers/designer/images/wasdcontroller@2x.png
/opt/data/home/.cache/uv/archive-v0/cAu3GQ3z1kVKUmSyPEQV4/PySide6/Qt/qml/QtQuick3D/Helpers/designer/images/lookatnode16.png
/opt/data/home/.cache/uv/archive-v0/cAu3GQ3z1kVKUmSyPEQV4/PySide6/Qt/qml/QtQuick3D/Helpers/designer/images/instancerepeater.png
/opt/data/home/.cache/uv/archive-v0/cAu3GQ3z1kVKUmSyPEQV4/PySide6/Qt/qml/QtQuick3D/Helpers/designer/images/proceduralskytexturedata@2x.png
/opt/data/home/.cache/uv/archive-v0/cAu3GQ3z1kVKUmSyPEQV4/PySide6/Qt/qml/QtQuick3D/Helpers/designer/images/instancerepeater@2x.png
/opt/data/home/.cache/uv/archive-v0/cAu3GQ3z1kVKUmSyPEQV4/PySide6/Qt/qml/QtQuick3D/Helpers/designer/images/gridgeometry.png
/opt/data/home/.cache/uv/archive-v0/cAu3GQ3z1kVKUmSyPEQV4/PySide6/Qt/qml/QtQuick3D/Helpers/designer/images/instancemodel@2x.png
/opt/data/home/.cache/uv/archive-v0/cAu3GQ3z1kVKUmSyPEQV4/PySide6/Qt/qml/QtQuick3D/Helpers/designer/images/instancemodel.png
/opt/data/home/.cache/uv/archive-v0/cAu3GQ3z1kVKUmSyPEQV4/PySide6/Qt/qml/QtQuick3D/Helpers/designer/images/debugview@2x.png
/opt/data/home/.cache/uv/archive-v0/cAu3GQ3z1kVKUmSyPEQV4/PySide6/Qt/qml/QtQuick3D/Helpers/designer/images/wasdcontroller16.png
/opt/data/home/.cache/uv/archive-v0/cAu3GQ3z1kVKUmSyPEQV4/PySide6/Qt/qml/QtQuick3D/Helpers/designer/images/instancemodel16.png
/opt/data/home/.cache/uv/archive-v0/cAu3GQ3z1kVKUmSyPEQV4/PySide6/Qt/qml/QtQuick3D/Helpers/designer/images/axishelper16.png
/opt/data/home/.cache/uv/archive-v0/cAu3GQ3z1kVKUmSyPEQV4/PySide6/Qt/qml/QtQuick3D/Helpers/designer/images/lodmanager.png
/opt/data/home/.cache/uv/archive-v0/cAu3GQ3z1kVKUmSyPEQV4/PySide6/Qt/qml/QtQuick3D/Helpers/designer/images/proceduralskytexturedata.png
/opt/data/home/.cache/uv/archive-v0/cAu3GQ3z1kVKUmSyPEQV4/PySide6/Qt/qml/QtQuick3D/Helpers/designer/images/gridgeometry@2x.png
/opt/data/home/.cache/uv/archive-v0/cAu3GQ3z1kVKUmSyPEQV4/PySide6/Qt/qml/QtQuick3D/Helpers/designer/images/extendedsceneenvironment.png
/opt/data/home/.cache/uv/archive-v0/cAu3GQ3z1kVKUmSyPEQV4/PySide6/Qt/qml/QtQuick3D/Helpers/designer/images/wasdcontroller.png
/opt/data/home/.cache/uv/archive-v0/cAu3GQ3z1kVKUmSyPEQV4/PySide6/Qt/qml/QtQuick3D/Helpers/designer/images/gridgeometry16.png
/opt/data/home/.cache/uv/archive-v0/cAu3GQ3z1kVKUmSyPEQV4/PySide6/Qt/qml/QtQuick3D/Helpers/designer/images/heightfieldgeometry16.png
/opt/data/home/.cache/uv/archive-v0/cAu3GQ3z1kVKUmSyPEQV4/PySide6/Qt/qml/QtQuick3D/Helpers/designer/images/lookatnode.png
/opt/data/home/.cache/uv/archive-v0/cAu3GQ3z1kVKUmSyPEQV4/PySide6/Qt/qml/QtQuick3D/Helpers/designer/images/dummy@2x.png
/opt/data/home/.cache/uv/archive-v0/cAu3GQ3z1kVKUmSyPEQV4/PySide6/Qt/qml/QtQuick3D/Helpers/designer/images/axishelper.png
/opt/data/home/.cache/uv/archive-v0/cAu3GQ3z1kVKUmSyPEQV4/PySide6/Qt/qml/QtQuick3D/Helpers/designer/images/proceduralskytexturedata16.png
/opt/data/home/.cache/uv/archive-v0/cAu3GQ3z1kVKUmSyPEQV4/PySide6/Qt/qml/QtQuick3D/Helpers/designer/images/orbitcameracontroller16.png
/opt/data/home/.cache/uv/archive-v0/YVqThFhdDdcJ2B7Me8zG7/docx/templates/default-docx-template/docProps/thumbnail.jpeg
/opt/data/home/.cache/uv/archive-v0/5r0TFbRiJ6JTlaQIweKAT/PySide6/Qt/qml/QtQuick/Controls/FluentWinUI3/dark/images/spinbox-indicator-down-icon-hovered@3x.png
/opt/data/home/.cache/uv/archive-v0/5r0TFbRiJ6JTlaQIweKAT/PySide6/Qt/qml/QtQuick/Controls/FluentWinUI3/dark/images/popup-background.png
/opt/data/home/.cache/uv/archive-v0/5r0TFbRiJ6JTlaQIweKAT/PySide6/Qt/qml/QtQuick/Controls/FluentWinUI3/dark/images/checkbox-indicator-hovered@3x.png
/opt/data/home/.cache/uv/archive-v0/5r0TFbRiJ6JTlaQIweKAT/PySide6/Qt/qml/QtQuick/Controls/FluentWinUI3/dark/images/spinbox-indicator-down-background-up-hovered.png
/opt/data/home/.cache/uv/archive-v0/5r0TFbRiJ6JTlaQIweKAT/PySide6/Qt/qml/QtQuick/Controls/FluentWinUI3/dark/images/radiobutton-indicator@3x.png
/opt/data/home/.cache/uv/archive-v0/5r0TFbRiJ6JTlaQIweKAT/PySide6/Qt/qml/QtQuick/Controls/FluentWinUI3/dark/images/combobox-background@2x.png
/opt/data/home/.cache/uv/archive-v0/5r0TFbRiJ6JTlaQIweKAT/PySide6/Qt/qml/QtQuick/Controls/FluentWinUI3/dark/images/itemdelegate-background-highlighted-hovered@3x.png
/opt/data/home/.cache/uv/archive-v0/5r0TFbRiJ6JTlaQIweKAT/PySide6/Qt/qml/QtQuick/Controls/FluentWinUI3/dark/images/editablecombobox-background-open-pressed@3x.png
/opt/data/home/.cache/uv/archive-v0/5r0TFbRiJ6JTlaQIweKAT/PySide6/Qt/qml/QtQuick/Controls/FluentWinUI3/dark/images/rangeslider-groove@3x.png
/opt/data/home/.cache/uv/archive-v0/5r0TFbRiJ6JTlaQIweKAT/PySide6/Qt/qml/QtQuick/Controls/FluentWinUI3/dark/images/spinbox-indicator-up-icon@2x.png
/opt/data/home/.cache/uv/archive-v0/5r0TFbRiJ6JTlaQIweKAT/PySide6/Qt/qml/QtQuick/Controls/FluentWinUI3/dark/images/spinbox-indicator-up-icon-hovered.png
/opt/data/home/.cache/uv/archive-v0/5r0TFbRiJ6JTlaQIweKAT/PySide6/Qt/qml/QtQuick/Controls/FluentWinUI3/dark/images/spinbox-background@2x.png
/opt/data/home/.cache/uv/archive-v0/5r0TFbRiJ6JTlaQIweKAT/PySide6/Qt/qml/QtQuick/Controls/FluentWinUI3/dark/images/spinbox-indicator-down-background-disabled@2x.png
/opt/data/home/.cache/uv/archive-v0/5r0TFbRiJ6JTlaQIweKAT/PySide6/Qt/qml/QtQuick/Controls/FluentWinUI3/dark/images/spinbox-indicator-up-icon-down-hovered@3x.png
/opt/data/home/.cache/uv/archive-v0/5r0TFbRiJ6JTlaQIweKAT/PySide6/Qt/qml/QtQuick/Controls/FluentWinUI3/dark/images/rangeslider-first-handle@2x.png
/opt/data/home/.cache/uv/archive-v0/5r0TFbRiJ6JTlaQIweKAT/PySide6/Qt/qml/QtQuick/Controls/FluentWinUI3/dark/images/textarea-background-disabled@2x.png
/opt/data/home/.cache/uv/archive-v0/5r0TFbRiJ6JTlaQIweKAT/PySide6/Qt/qml/QtQuick/Controls/FluentWinUI3/dark/images/itemdelegate-background-highlighted.png
/opt/data/home/.cache/uv/archive-v0/5r0TFbRiJ6JTlaQIweKAT/PySide6/Qt/qml/QtQuick/Controls/FluentWinUI3/dark/images/radiobutton-indicator-checked-hovered@2x.png
/opt/data/home/.cache/uv/archive-v0/5r0TFbRiJ6JTlaQIweKAT/PySide6/Qt/qml/QtQuick/Controls/FluentWinUI3/dark/images/spinbox-indicator-up-background-atlimit.png
/opt/data/home/.cache/uv/archive-v0/5r0TFbRiJ6JTlaQIweKAT/PySide6/Qt/qml/QtQuick/Controls/FluentWinUI3/dark/images/rangeslider-groove-handle-pressed@2x.png
/opt/data/home/.cache/uv/archive-v0/5r0TFbRiJ6JTlaQIweKAT/PySide6/Qt/qml/QtQuick/Controls/FluentWinUI3/dark/images/combobox-background-hovered-open@3x.png
/opt/data/home/.cache/uv/archive-v0/5r0TFbRiJ6JTlaQIweKAT/PySide6/Qt/qml/QtQuick/Controls/FluentWinUI3/dark/images/checkbox-indicator-checked@2x.png
/opt/data/home/.cache/uv/archive-v0/5r0TFbRiJ6JTlaQIweKAT/PySide6/Qt/qml/QtQuick/Controls/FluentWinUI3/dark/images/spinbox-indicator-down-icon@3x.png
/opt/data/home/.cache/uv/archive-v0/5r0TFbRiJ6JTlaQIweKAT/PySide6/Qt/qml/QtQuick/Controls/FluentWinUI3/dark/images/spinbox-indicator-up-icon-up-hovered.png
/opt/data/home/.cache/uv/archive-v0/5r0TFbRiJ6JTlaQIweKAT/PySide6/Qt/qml/QtQuick/Controls/FluentWinUI3/dark/images/frame-background@3x.png
/opt/data/home/.cache/uv/archive-v0/5r0TFbRiJ6JTlaQIweKAT/PySide6/Qt/qml/QtQuick/Controls/FluentWinUI3/dark/images/pageindicatordelegate-indicator-delegate-pressed.png
/opt/data/home/.cache/uv/archive-v0/5r0TFbRiJ6JTlaQIweKAT/PySide6/Qt/qml/QtQuick/Controls/FluentWinUI3/dark/images/rangeslider-second-handle-hovered.png
/opt/data/home/.cache/uv/archive-v0/5r0TFbRiJ6JTlaQIweKAT/PySide6/Qt/qml/QtQuick/Controls/FluentWinUI3/dark/images/spinbox-indicator-up-background-down-pressed.png
/opt/data/home/.cache/uv/archive-v0/5r0TFbRiJ6JTlaQIweKAT/PySide6/Qt/qml/QtQuick/Controls/FluentWinUI3/dark/images/spinbox-indicator-up-icon-down-pressed@3x.png
/opt/data/home/.cache/uv/archive-v0/5r0TFbRiJ6JTlaQIweKAT/PySide6/Qt/qml/QtQuick/Controls/FluentWinUI3/dark/images/spinbox-indicator-up-background-up-hovered@3x.png
/opt/data/home/.cache/uv/archive-v0/5r0TFbRiJ6JTlaQIweKAT/PySide6/Qt/qml/QtQuick/Controls/FluentWinUI3/dark/images/rangeslider-second-handle-handle-pressed@2x.png
/opt/data/home/.cache/uv/archive-v0/5r0TFbRiJ6JTlaQIweKAT/PySide6/Qt/qml/QtQuick/Controls/FluentWinUI3/dark/images/spinbox-indicator-down-background-up-pressed@2x.png
/opt/data/home/.cache/uv/archive-v0/5r0TFbRiJ6JTlaQIweKAT/PySide6/Qt/qml/QtQuick/Controls/FluentWinUI3/dark/images/spinbox-background-hovered@2x.png
/opt/data/home/.cache/uv/archive-v0/5r0TFbRiJ6JTlaQIweKAT/PySide6/Qt/qml/QtQuick/Controls/FluentWinUI3/dark/images/checkbox-indicator-disabled-partiallyChecked@2x.png
/opt/data/home/.cache/uv/archive-v0/5r0TFbRiJ6JTlaQIweKAT/PySide6/Qt/qml/QtQuick/Controls/FluentWinUI3/dark/images/spinbox-background-up-pressed@2x.png
/opt/data/home/.cache/uv/archive-v0/5r0TFbRiJ6JTlaQIweKAT/PySide6/Qt/qml/QtQuick/Controls/FluentWinUI3/dark/images/radiobutton-indicator-hovered.png
/opt/data/home/.cache/uv/archive-v0/5r0TFbRiJ6JTlaQIweKAT/PySide6/Qt/qml/QtQuick/Controls/FluentWinUI3/dark/images/combobox-indicator-disabled@2x.png
/opt/data/home/.cache/uv/archive-v0/5r0TFbRiJ6JTlaQIweKAT/PySide6/Qt/qml/QtQuick/Controls/FluentWinUI3/dark/images/spinbox-indicator-down-icon-up-hovered.png
/opt/data/home/.cache/uv/archive-v0/5r0TFbRiJ6JTlaQIweKAT/PySide6/Qt/qml/QtQuick/Controls/FluentWinUI3/dark/images/slider-groove@2x.png
/opt/data/home/.cache/uv/archive-v0/5r0TFbRiJ6JTlaQIweKAT/PySide6/Qt/qml/QtQuick/Controls/FluentWinUI3/dark/images/pageindicatordelegate-indicator@3x.png
/opt/data/home/.cache/uv/archive-v0/5r0TFbRiJ6JTlaQIweKAT/PySide6/Qt/qml/QtQuick/Controls/FluentWinUI3/dark/images/spinbox-background-down-pressed.png
/opt/data/home/.cache/uv/archive-v0/5r0TFbRiJ6JTlaQIweKAT/PySide6/Qt/qml/QtQuick/Controls/FluentWinUI3/dark/images/combobox-background-pressed@3x.png
/opt/data/home/.cache/uv/archive-v0/5r0TFbRiJ6JTlaQIweKAT/PySide6/Qt/qml/QtQuick/Controls/FluentWinUI3/dark/images/checkbox-indicator-disabled@3x.png
/opt/data/home/.cache/uv/archive-v0/5r0TFbRiJ6JTlaQIweKAT/PySide6/Qt/qml/QtQuick/Controls/FluentWinUI3/dark/images/combobox-background-open.png
/opt/data/home/.cache/uv/archive-v0/5r0TFbRiJ6JTlaQIweKAT/PySide6/Qt/qml/QtQuick/Controls/FluentWinUI3/dark/images/spinbox-indicator-down-icon-down-pressed.png
/opt/data/home/.cache/uv/archive-v0/5r0TFbRiJ6JTlaQIweKAT/PySide6/Qt/qml/QtQuick/Controls/FluentWinUI3/dark/images/spinbox-indicator-down-background@2x.png
/opt/data/home/.cache/uv/archive-v0/5r0TFbRiJ6JTlaQIweKAT/PySide6/Qt/qml/QtQuick/Controls/FluentWinUI3/dark/images/slider-groove-disabled@3x.png
/opt/data/home/.cache/uv/archive-v0/5r0TFbRiJ6JTlaQIweKAT/PySide6/Qt/qml/QtQuick/Controls/FluentWinUI3/dark/images/spinbox-indicator-down-icon-up-hovered@2x.png
/opt/data/home/.cache/uv/archive-v0/5r0TFbRiJ6JTlaQIweKAT/PySide6/Qt/qml/QtQuick/Controls/FluentWinUI3/dark/images/radiobutton-indicator-checked@2x.png
/opt/data/home/.cache/uv/archive-v0/5r0TFbRiJ6JTlaQIweKAT/PySide6/Qt/qml/QtQuick/Controls/FluentWinUI3/dark/images/slider-handle-pressed@3x.png
/opt/data/home/.cache/uv/archive-v0/5r0TFbRiJ6JTlaQIweKAT/PySide6/Qt/qml/QtQuick/Controls/FluentWinUI3/dark/images/checkbox-indicator-hovered@2x.png
/opt/data/home/.cache/uv/archive-v0/5r0TFbRiJ6JTlaQIweKAT/PySide6/Qt/qml/QtQuick/Controls/FluentWinUI3/dark/images/rangeslider-groove@2x.png
/opt/data/home/.cache/uv/archive-v0/5r0TFbRiJ6JTlaQIweKAT/PySide6/Qt/qml/QtQuick/Controls/FluentWinUI3/dark/images/editablecombobox-background-open@2x.png
/opt/data/home/.cache/uv/archive-v0/5r0TFbRiJ6JTlaQIweKAT/PySide6/Qt/qml/QtQuick/Controls/FluentWinUI3/dark/images/rangeslider-second-handle-handle-pressed@3x.png
/opt/data/home/.cache/uv/archive-v0/5r0TFbRiJ6JTlaQIweKAT/PySide6/Qt/qml/QtQuick/Controls/FluentWinUI3/dark/images/combobox-background-pressed.png
/opt/data/home/.cache/uv/archive-v0/5r0TFbRiJ6JTlaQIweKAT/PySide6/Qt/qml/QtQuick/Controls/FluentWinUI3/dark/images/radiobutton-indicator-checked-disabled@2x.png
/opt/data/home/.cache/uv/archive-v0/5r0TFbRiJ6JTlaQIweKAT/PySide6/Qt/qml/QtQuick/Controls/FluentWinUI3/dark/images/combobox-indicator-pressed@3x.png
/opt/data/home/.cache/uv/archive-v0/5r0TFbRiJ6JTlaQIweKAT/PySide6/Qt/qml/QtQuick/Controls/FluentWinUI3/dark/images/spinbox-indicator-up-icon-down-hovered@2x.png
/opt/data/home/.cache/uv/archive-v0/5r0TFbRiJ6JTlaQIweKAT/PySide6/Qt/qml/QtQuick/Controls/FluentWinUI3/dark/images/spinbox-indicator-down-icon-disabled@3x.png
/opt/data/home/.cache/uv/archive-v0/5r0TFbRiJ6JTlaQIweKAT/PySide6/Qt/qml/QtQuick/Controls/FluentWinUI3/dark/images/spinbox-background-disabled@2x.png
/opt/data/home/.cache/uv/archive-v0/5r0TFbRiJ6JTlaQIweKAT/PySide6/Qt/qml/QtQuick/Controls/FluentWinUI3/dark/images/rangeslider-second-handle-disabled.png
/opt/data/home/.cache/uv/archive-v0/5r0TFbRiJ6JTlaQIweKAT/PySide6/Qt/qml/QtQuick/Controls/FluentWinUI3/dark/images/editablecombobox-popup-background-open@2x.png
/opt/data/home/.cache/uv/archive-v0/5r0TFbRiJ6JTlaQIweKAT/PySide6/Qt/qml/QtQuick/Controls/FluentWinUI3/dark/images/spinbox-indicator-up-background-down-pressed@2x.png
/opt/data/home/.cache/uv/archive-v0/5r0TFbRiJ6JTlaQIweKAT/PySide6/Qt/qml/QtQuick/Controls/FluentWinUI3/dark/images/pageindicatordelegate-indicator-delegate-current.png
/opt/data/home/.cache/uv/archive-v0/5r0TFbRiJ6JTlaQIweKAT/PySide6/Qt/qml/QtQuick/Controls/FluentWinUI3/dark/images/editablecombobox-background-open-pressed@2x.png
/opt/data/home/.cache/uv/archive-v0/5r0TFbRiJ6JTlaQIweKAT/PySide6/Qt/qml/QtQuick/Controls/FluentWinUI3/dark/images/editablecombobox-popup-background-open-pressed.png
/opt/data/home/.cache/uv/archive-v0/5r0TFbRiJ6JTlaQIweKAT/PySide6/Qt/qml/QtQuick/Controls/FluentWinUI3/dark/images/checkbox-indicator-checked@3x.png
/opt/data/home/.cache/uv/archive-v0/5r0TFbRiJ6JTlaQIweKAT/PySide6/Qt/qml/QtQuick/Controls/FluentWinUI3/dark/images/radiobutton-indicator-disabled.png
/opt/data/home/.cache/uv/archive-v0/5r0TFbRiJ6JTlaQIweKAT/PySide6/Qt/qml/QtQuick/Controls/FluentWinUI3/dark/images/progressbar-groove.png
/opt/data/home/.cache/uv/archive-v0/5r0TFbRiJ6JTlaQIweKAT/PySide6/Qt/qml/QtQuick/Controls/FluentWinUI3/dark/images/textfield-background-hovered@3x.png
/opt/data/home/.cache/uv/archive-v0/5r0TFbRiJ6JTlaQIweKAT/PySide6/Qt/qml/QtQuick/Controls/FluentWinUI3/dark/images/itemdelegate-background-pressed@3x.png
/opt/data/home/.cache/uv/archive-v0/5r0TFbRiJ6JTlaQIweKAT/PySide6/Qt/qml/QtQuick/Controls/FluentWinUI3/dark/images/spinbox-indicator-down-icon-down-hovered@3x.png
/opt/data/home/.cache/uv/archive-v0/5r0TFbRiJ6JTlaQIweKAT/PySide6/Qt/qml/QtQuick/Controls/FluentWinUI3/dark/images/textfield-background-focused@2x.png
/opt/data/home/.cache/uv/archive-v0/5r0TFbRiJ6JTlaQIweKAT/PySide6/Qt/qml/QtQuick/Controls/FluentWinUI3/dark/images/combobox-indicator-focused.png
/opt/data/home/.cache/uv/archive-v0/5r0TFbRiJ6JTlaQIweKAT/PySide6/Qt/qml/QtQuick/Controls/FluentWinUI3/dark/images/radiobutton-indicator-hovered@2x.png
/opt/data/home/.cache/uv/archive-v0/5r0TFbRiJ6JTlaQIweKAT/PySide6/Qt/qml/QtQuick/Controls/FluentWinUI3/dark/images/itemdelegate-background-pressed.png
/opt/data/home/.cache/uv/archive-v0/5r0TFbRiJ6JTlaQIweKAT/PySide6/Qt/qml/QtQuick/Controls/FluentWinUI3/dark/images/rangeslider-first-handle-disabled.png
/opt/data/home/.cache/uv/archive-v0/5r0TFbRiJ6JTlaQIweKAT/PySide6/Qt/qml/QtQuick/Controls/FluentWinUI3/dark/images/editablecombobox-popup-background-open-pressed@2x.png
/opt/data/home/.cache/uv/archive-v0/5r0TFbRiJ6JTlaQIweKAT/PySide6/Qt/qml/QtQuick/Controls/FluentWinUI3/dark/images/frame-background.png
/opt/data/home/.cache/uv/archive-v0/5r0TFbRiJ6JTlaQIweKAT/PySide6/Qt/qml/QtQuick/Controls/FluentWinUI3/dark/images/checkbox-indicator@2x.png
/opt/data/home/.cache/uv/archive-v0/5r0TFbRiJ6JTlaQIweKAT/PySide6/Qt/qml/QtQuick/Controls/FluentWinUI3/dark/images/pageindicatordelegate-indicator.png
/opt/data/home/.cache/uv/archive-v0/5r0TFbRiJ6JTlaQIweKAT/PySide6/Qt/qml/QtQuick/Controls/FluentWinUI3/dark/images/pageindicatordelegate-indicator-delegate-current@2x.png
/opt/data/home/.cache/uv/archive-v0/5r0TFbRiJ6JTlaQIweKAT/PySide6/Qt/qml/QtQuick/Controls/FluentWinUI3/dark/images/spinbox-indicator-up-icon-down-hovered.png
/opt/data/home/.cache/uv/archive-v0/5r0TFbRiJ6JTlaQIweKAT/PySide6/Qt/qml/QtQuick/Controls/FluentWinUI3/dark/images/textfield-background-disabled@3x.png
/opt/data/home/.cache/uv/archive-v0/5r0TFbRiJ6JTlaQIweKAT/PySide6/Qt/qml/QtQuick/Controls/FluentWinUI3/dark/images/combobox-background-pressed@2x.png
/opt/data/home/.cache/uv/archive-v0/5r0TFbRiJ6JTlaQIweKAT/PySide6/Qt/qml/QtQuick/Controls/FluentWinUI3/dark/images/pageindicatordelegate-indicator@2x.png
/opt/data/home/.cache/uv/archive-v0/5r0TFbRiJ6JTlaQIweKAT/PySide6/Qt/qml/QtQuick/Controls/FluentWinUI3/dark/images/combobox-background-hovered@3x.png
/opt/data/home/.cache/uv/archive-v0/5r0TFbRiJ6JTlaQIweKAT/PySide6/Qt/qml/QtQuick/Controls/FluentWinUI3/dark/images/checkbox-indicator-checked-disabled@2x.png
/opt/data/home/.cache/uv/archive-v0/5r0TFbRiJ6JTlaQIweKAT/PySide6/Qt/qml/QtQuick/Controls/FluentWinUI3/dark/images/rangeslider-groove-disabled.png
/opt/data/home/.cache/uv/archive-v0/5r0TFbRiJ6JTlaQIweKAT/PySide6/Qt/qml/QtQuick/Controls/FluentWinUI3/dark/images/slider-groove-disabled.png
/opt/data/home/.cache/uv/archive-v0/5r0TFbRiJ6JTlaQIweKAT/PySide6/Qt/qml/QtQuick/Controls/FluentWinUI3/dark/images/spinbox-indicator-up-icon-down-pressed@2x.png
/opt/data/home/.cache/uv/archive-v0/5r0TFbRiJ6JTlaQIweKAT/PySide6/Qt/qml/QtQuick/Controls/FluentWinUI3/dark/images/pageindicatordelegate-indicator-hovered@3x.png
/opt/data/home/.cache/uv/archive-v0/5r0TFbRiJ6JTlaQIweKAT/PySide6/Qt/qml/QtQuick/Controls/FluentWinUI3/dark/images/spinbox-indicator-down-background-up-pressed@3x.png
/opt/data/home/.cache/uv/archive-v0/5r0TFbRiJ6JTlaQIweKAT/PySide6/Qt/qml/QtQuick/Controls/FluentWinUI3/dark/images/pageindicatordelegate-indicator-delegate-current-pressed@3x.png
/opt/data/home/.cache/uv/archive-v0/5r0TFbRiJ6JTlaQIweKAT/PySide6/Qt/qml/QtQuick/Controls/FluentWinUI3/dark/images/combobox-indicator-hovered-open@2x.png
/opt/data/home/.cache/uv/archive-v0/5r0TFbRiJ6JTlaQIweKAT/PySide6/Qt/qml/QtQuick/Controls/FluentWinUI3/dark/images/spinbox-indicator-down-icon-up-pressed.png
/opt/data/home/.cache/uv/archive-v0/5r0TFbRiJ6JTlaQIweKAT/PySide6/Qt/qml/QtQuick/Controls/FluentWinUI3/dark/images/combobox-background-disabled.png
/opt/data/home/.cache/uv/archive-v0/5r0TFbRiJ6JTlaQIweKAT/PySide6/Qt/qml/QtQuick/Controls/FluentWinUI3/dark/images/slider-groove-hovered@2x.png
/opt/data/home/.cache/uv/archive-v0/5r0TFbRiJ6JTlaQIweKAT/PySide6/Qt/qml/QtQuick/Controls/FluentWinUI3/dark/images/radiobutton-indicator-checked-pressed@3x.png
/opt/data/home/.cache/uv/archive-v0/5r0TFbRiJ6JTlaQIweKAT/PySide6/Qt/qml/QtQuick/Controls/FluentWinUI3/dark/images/checkbox-indicator-checked-hovered@3x.png
/opt/data/home/.cache/uv/archive-v0/5r0TFbRiJ6JTlaQIweKAT/PySide6/Qt/qml/QtQuick/Controls/FluentWinUI3/dark/images/radiobutton-indicator-checked-pressed.png
/opt/data/home/.cache/uv/archive-v0/5r0TFbRiJ6JTlaQIweKAT/PySide6/Qt/qml/QtQuick/Controls/FluentWinUI3/dark/images/combobox-indicator-open-pressed@3x.png
/opt/data/home/.cache/uv/archive-v0/5r0TFbRiJ6JTlaQIweKAT/PySide6/Qt/qml/QtQuick/Controls/FluentWinUI3/dark/images/editablecombobox-indicator-open-pressed@2x.png
/opt/data/home/.cache/uv/archive-v0/5r0TFbRiJ6JTlaQIweKAT/PySide6/Qt/qml/QtQuick/Controls/FluentWinUI3/dark/images/checkbox-indicator-checked-pressed@3x.png
/opt/data/home/.cache/uv/archive-v0/5r0TFbRiJ6JTlaQIweKAT/PySide6/Qt/qml/QtQuick/Controls/FluentWinUI3/dark/images/spinbox-indicator-up-background-hovered@3x.png
/opt/data/home/.cache/uv/archive-v0/5r0TFbRiJ6JTlaQIweKAT/PySide6/Qt/qml/QtQuick/Controls/FluentWinUI3/dark/images/rangeslider-second-handle-handle-pressed.png
/opt/data/home/.cache/uv/archive-v0/5r0TFbRiJ6JTlaQIweKAT/PySide6/Qt/qml/QtQuick/Controls/FluentWinUI3/dark/images/spinbox-background-atlimit@3x.png
/opt/data/home/.cache/uv/archive-v0/5r0TFbRiJ6JTlaQIweKAT/PySide6/Qt/qml/QtQuick/Controls/FluentWinUI3/dark/images/spinbox-background-down-hovered.png
/opt/data/home/.cache/uv/archive-v0/5r0TFbRiJ6JTlaQIweKAT/PySide6/Qt/qml/QtQuick/Controls/FluentWinUI3/dark/images/combobox-background-open-pressed.png
/opt/data/home/.cache/uv/archive-v0/5r0TFbRiJ6JTlaQIweKAT/PySide6/Qt/qml/QtQuick/Controls/FluentWinUI3/dark/images/editablecombobox-indicator-hovered-open@2x.png
/opt/data/home/.cache/uv/archive-v0/5r0TFbRiJ6JTlaQIweKAT/PySide6/Qt/qml/QtQuick/Controls/FluentWinUI3/dark/images/combobox-background-hovered-open@2x.png
/opt/data/home/.cache/uv/archive-v0/5r0TFbRiJ6JTlaQIweKAT/PySide6/Qt/qml/QtQuick/Controls/FluentWinUI3/dark/images/spinbox-indicator-up-background@2x.png
/opt/data/home/.cache/uv/archive-v0/5r0TFbRiJ6JTlaQIweKAT/PySide6/Qt/qml/QtQuick/Controls/FluentWinUI3/dark/images/checkbox-indicator-disabled-partiallyChecked@3x.png
/opt/data/home/.cache/uv/archive-v0/5r0TFbRiJ6JTlaQIweKAT/PySide6/Qt/qml/QtQuick/Controls/FluentWinUI3/dark/images/spinbox-indicator-down-background-hovered@2x.png
/opt/data/home/.cache/uv/archive-v0/5r0TFbRiJ6JTlaQIweKAT/PySide6/Qt/qml/QtQuick/Controls/FluentWinUI3/dark/images/spinbox-indicator-down-background-atlimit@3x.png
/opt/data/home/.cache/uv/archive-v0/5r0TFbRiJ6JTlaQIweKAT/PySide6/Qt/qml/QtQuick/Controls/FluentWinUI3/dark/images/rangeslider-first-handle-hovered.png
/opt/data/home/.cache/uv/archive-v0/5r0TFbRiJ6JTlaQIweKAT/PySide6/Qt/qml/QtQuick/Controls/FluentWinUI3/dark/images/editablecombobox-popup-background-open@3x.png
/opt/data/home/.cache/uv/archive-v0/5r0TFbRiJ6JTlaQIweKAT/PySide6/Qt/qml/QtQuick/Controls/FluentWinUI3/dark/images/spinbox-indicator-down-background-atlimit@2x.png
/opt/data/home/.cache/uv/archive-v0/5r0TFbRiJ6JTlaQIweKAT/PySide6/Qt/qml/QtQuick/Controls/FluentWinUI3/dark/images/rangeslider-second-handle-hovered@3x.png
/opt/data/home/.cache/uv/archive-v0/5r0TFbRiJ6JTlaQIweKAT/PySide6/Qt/qml/QtQuick/Controls/FluentWinUI3/dark/images/spinbox-indicator-down-icon-hovered.png
/opt/data/home/.cache/uv/archive-v0/5r0TFbRiJ6JTlaQIweKAT/PySide6/Qt/qml/QtQuick/Controls/FluentWinUI3/dark/images/editablecombobox-indicator-hovered-open@3x.png
/opt/data/home/.cache/uv/archive-v0/5r0TFbRiJ6JTlaQIweKAT/PySide6/Qt/qml/QtQuick/Controls/FluentWinUI3/dark/images/rangeslider-second-handle@2x.png
/opt/data/home/.cache/uv/archive-v0/5r0TFbRiJ6JTlaQIweKAT/PySide6/Qt/qml/QtQuick/Controls/FluentWinUI3/dark/images/pageindicatordelegate-indicator-delegate-current-pressed@2x.png
/opt/data/home/.cache/uv/archive-v0/5r0TFbRiJ6JTlaQIweKAT/PySide6/Qt/qml/QtQuick/Controls/FluentWinUI3/dark/images/spinbox-indicator-down-icon-atlimit@3x.png
/opt/data/home/.cache/uv/archive-v0/5r0TFbRiJ6JTlaQIweKAT/PySide6/Qt/qml/QtQuick/Controls/FluentWinUI3/dark/images/itemdelegate-background-pressed@2x.png
/opt/data/home/.cache/uv/archive-v0/5r0TFbRiJ6JTlaQIweKAT/PySide6/Qt/qml/QtQuick/Controls/FluentWinUI3/dark/images/spinbox-indicator-up-icon-atlimit@2x.png
/opt/data/home/.cache/uv/archive-v0/5r0TFbRiJ6JTlaQIweKAT/PySide6/Qt/qml/QtQuick/Controls/FluentWinUI3/dark/images/spinbox-indicator-up-background@3x.png
/opt/data/home/.cache/uv/archive-v0/5r0TFbRiJ6JTlaQIweKAT/PySide6/Qt/qml/QtQuick/Controls/FluentWinUI3/dark/images/rangeslider-second-handle-disabled@3x.png
/opt/data/home/.cache/uv/archive-v0/5r0TFbRiJ6JTlaQIweKAT/PySide6/Qt/qml/QtQuick/Controls/FluentWinUI3/dark/images/spinbox-indicator-down-icon.png
/opt/data/home/.cache/uv/archive-v0/5r0TFbRiJ6JTlaQIweKAT/PySide6/Qt/qml/QtQuick/Controls/FluentWinUI3/dark/images/spinbox-indicator-up-background-up-pressed@2x.png
/opt/data/home/.cache/uv/archive-v0/5r0TFbRiJ6JTlaQIweKAT/PySide6/Qt/qml/QtQuick/Controls/FluentWinUI3/dark/images/combobox-indicator-focused@3x.png
/opt/data/home/.cache/uv/archive-v0/5r0TFbRiJ6JTlaQIweKAT/PySide6/Qt/qml/QtQuick/Controls/FluentWinUI3/dark/images/slider-handle-disabled.png
/opt/data/home/.cache/uv/archive-v0/5r0TFbRiJ6JTlaQIweKAT/PySide6/Qt/qml/QtQuick/Controls/FluentWinUI3/dark/images/checkbox-indicator-hovered-partiallyChecked@2x.png
/opt/data/home/.cache/uv/archive-v0/5r0TFbRiJ6JTlaQIweKAT/PySide6/Qt/qml/QtQuick/Controls/FluentWinUI3/dark/images/spinbox-indicator-down-background-down-hovered@3x.png
/opt/data/home/.cache/uv/archive-v0/5r0TFbRiJ6JTlaQIweKAT/PySide6/Qt/qml/QtQuick/Controls/FluentWinUI3/dark/images/combobox-background-focused@3x.png
/opt/data/home/.cache/uv/archive-v0/5r0TFbRiJ6JTlaQIweKAT/PySide6/Qt/qml/QtQuick/Controls/FluentWinUI3/dark/images/frame-background-disabled@3x.png
/opt/data/home/.cache/uv/archive-v0/5r0TFbRiJ6JTlaQIweKAT/PySide6/Qt/qml/QtQuick/Controls/FluentWinUI3/dark/images/editablecombobox-popup-background-open.png
/opt/data/home/.cache/uv/archive-v0/5r0TFbRiJ6JTlaQIweKAT/PySide6/Qt/qml/QtQuick/Controls/FluentWinUI3/dark/images/combobox-indicator-focused@2x.png
/opt/data/home/.cache/uv/archive-v0/5r0TFbRiJ6JTlaQIweKAT/PySide6/Qt/qml/QtQuick/Controls/FluentWinUI3/dark/images/radiobutton-indicator-checked-disabled@3x.png
/opt/data/home/.cache/uv/archive-v0/5r0TFbRiJ6JTlaQIweKAT/PySide6/Qt/qml/QtQuick/Controls/FluentWinUI3/dark/images/rangeslider-first-handle.png
/opt/data/home/.cache/uv/archive-v0/5r0TFbRiJ6JTlaQIweKAT/PySide6/Qt/qml/QtQuick/Controls/FluentWinUI3/dark/images/combobox-background@3x.png
/opt/data/home/.cache/uv/archive-v0/5r0TFbRiJ6JTlaQIweKAT/PySide6/Qt/qml/QtQuick/Controls/FluentWinUI3/dark/images/frame-background@2x.png
/opt/data/home/.cache/uv/archive-v0/5r0TFbRiJ6JTlaQIweKAT/PySide6/Qt/qml/QtQuick/Controls/FluentWinUI3/dark/images/textarea-background-hovered@3x.png
/opt/data/home/.cache/uv/archive-v0/5r0TFbRiJ6JTlaQIweKAT/PySide6/Qt/qml/QtQuick/Controls/FluentWinUI3/dark/images/spinbox-indicator-up-background-atlimit@2x.png
/opt/data/home/.cache/uv/archive-v0/5r0TFbRiJ6JTlaQIweKAT/PySide6/Qt/qml/QtQuick/Controls/FluentWinUI3/dark/images/spinbox-indicator-up-background-up-hovered.png
/opt/data/home/.cache/uv/archive-v0/5r0TFbRiJ6JTlaQIweKAT/PySide6/Qt/qml/QtQuick/Controls/FluentWinUI3/dark/images/rangeslider-groove-hovered@3x.png
/opt/data/home/.cache/uv/archive-v0/5r0TFbRiJ6JTlaQIweKAT/PySide6/Qt/qml/QtQuick/Controls/FluentWinUI3/dark/images/checkbox-indicator.png
/opt/data/home/.cache/uv/archive-v0/5r0TFbRiJ6JTlaQIweKAT/PySide6/Qt/qml/QtQuick/Controls/FluentWinUI3/dark/images/spinbox-indicator-up-icon-disabled.png
/opt/data/home/.cache/uv/archive-v0/5r0TFbRiJ6JTlaQIweKAT/PySide6/Qt/qml/QtQuick/Controls/FluentWinUI3/dark/images/spinbox-indicator-down-icon-disabled@2x.png
/opt/data/home/.cache/uv/archive-v0/5r0TFbRiJ6JTlaQIweKAT/PySide6/Qt/qml/QtQuick/Controls/FluentWinUI3/dark/images/checkbox-indicator-disabled.png
/opt/data/home/.cache/uv/archive-v0/5r0TFbRiJ6JTlaQIweKAT/PySide6/Qt/qml/QtQuick/Controls/FluentWinUI3/dark/images/checkbox-indicator-partiallyChecked.png
/opt/data/home/.cache/uv/archive-v0/5r0TFbRiJ6JTlaQIweKAT/PySide6/Qt/qml/QtQuick/Controls/FluentWinUI3/dark/images/spinbox-indicator-down-background-up-hovered@3x.png
/opt/data/home/.cache/uv/archive-v0/5r0TFbRiJ6JTlaQIweKAT/PySide6/Qt/qml/QtQuick/Controls/FluentWinUI3/dark/images/editablecombobox-indicator-open@3x.png
/opt/data/home/.cache/uv/archive-v0/5r0TFbRiJ6JTlaQIweKAT/PySide6/Qt/qml/QtQuick/Controls/FluentWinUI3/dark/images/itemdelegate-background-hovered@2x.png
/opt/data/home/.cache/uv/archive-v0/5r0TFbRiJ6JTlaQIweKAT/PySide6/Qt/qml/QtQuick/Controls/FluentWinUI3/dark/images/checkbox-indicator-partiallyChecked@3x.png
/opt/data/home/.cache/uv/archive-v0/5r0TFbRiJ6JTlaQIweKAT/PySide6/Qt/qml/QtQuick/Controls/FluentWinUI3/dark/images/spinbox-indicator-up-background-down-hovered.png
/opt/data/home/.cache/uv/archive-v0/5r0TFbRiJ6JTlaQIweKAT/PySide6/Qt/qml/QtQuick/Controls/FluentWinUI3/dark/images/combobox-background.png
/opt/data/home/.cache/uv/archive-v0/5r0TFbRiJ6JTlaQIweKAT/PySide6/Qt/qml/QtQuick/Controls/FluentWinUI3/dark/images/progressbar-groove@2x.png
/opt/data/home/.cache/uv/archive-v0/5r0TFbRiJ6JTlaQIweKAT/PySide6/Qt/qml/QtQuick/Controls/FluentWinUI3/dark/images/textfield-background.png
/opt/data/home/.cache/uv/archive-v0/5r0TFbRiJ6JTlaQIweKAT/PySide6/Qt/qml/QtQuick/Controls/FluentWinUI3/dark/images/checkbox-indicator-partiallyChecked-pressed@2x.png
/opt/data/home/.cache/uv/archive-v0/5r0TFbRiJ6JTlaQIweKAT/PySide6/Qt/qml/QtQuick/Controls/FluentWinUI3/dark/images/itemdelegate-background-highlighted-hovered.png
/opt/data/home/.cache/uv/archive-v0/5r0TFbRiJ6JTlaQIweKAT/PySide6/Qt/qml/QtQuick/Controls/FluentWinUI3/dark/images/combobox-indicator-open@3x.png
/opt/data/home/.cache/uv/archive-v0/5r0TFbRiJ6JTlaQIweKAT/PySide6/Qt/qml/QtQuick/Controls/FluentWinUI3/dark/images/textfield-background-hovered@2x.png
/opt/data/home/.cache/uv/archive-v0/5r0TFbRiJ6JTlaQIweKAT/PySide6/Qt/qml/QtQuick/Controls/FluentWinUI3/dark/images/editablecombobox-background-open.png
/opt/data/home/.cache/uv/archive-v0/5r0TFbRiJ6JTlaQIweKAT/PySide6/Qt/qml/QtQuick/Controls/FluentWinUI3/dark/images/combobox-indicator-hovered-open@3x.png
/opt/data/home/.cache/uv/archive-v0/5r0TFbRiJ6JTlaQIweKAT/PySide6/Qt/qml/QtQuick/Controls/FluentWinUI3/dark/images/spinbox-background-disabled.png
/opt/data/home/.cache/uv/archive-v0/5r0TFbRiJ6JTlaQIweKAT/PySide6/Qt/qml/QtQuick/Controls/FluentWinUI3/dark/images/pageindicatordelegate-indicator-delegate-current-hovered@3x.png
/opt/data/home/.cache/uv/archive-v0/5r0TFbRiJ6JTlaQIweKAT/PySide6/Qt/qml/QtQuick/Controls/FluentWinUI3/dark/images/combobox-background-focused@2x.png
/opt/data/home/.cache/uv/archive-v0/5r0TFbRiJ6JTlaQIweKAT/PySide6/Qt/qml/QtQuick/Controls/FluentWinUI3/dark/images/pageindicatordelegate-indicator-delegate-current-pressed.png
/opt/data/home/.cache/uv/archive-v0/5r0TFbRiJ6JTlaQIweKAT/PySide6/Qt/qml/QtQuick/Controls/FluentWinUI3/dark/images/radiobutton-indicator-disabled@2x.png
/opt/data/home/.cache/uv/archive-v0/5r0TFbRiJ6JTlaQIweKAT/PySide6/Qt/qml/QtQuick/Controls/FluentWinUI3/dark/images/rangeslider-groove-handle-pressed@3x.png
/opt/data/home/.cache/uv/archive-v0/5r0TFbRiJ6JTlaQIweKAT/PySide6/Qt/qml/QtQuick/Controls/FluentWinUI3/dark/images/spinbox-indicator-down-icon@2x.png
/opt/data/home/.cache/uv/archive-v0/5r0TFbRiJ6JTlaQIweKAT/PySide6/Qt/qml/QtQuick/Controls/FluentWinUI3/dark/images/spinbox-indicator-down-icon-down-hovered@2x.png
/opt/data/home/.cache/uv/archive-v0/5r0TFbRiJ6JTlaQIweKAT/PySide6/Qt/qml/QtQuick/Controls/FluentWinUI3/dark/images/spinbox-background-hovered.png
/opt/data/home/.cache/uv/archive-v0/5r0TFbRiJ6JTlaQIweKAT/PySide6/Qt/qml/QtQuick/Controls/FluentWinUI3/dark/images/textarea-background-focused@3x.png
/opt/data/home/.cache/uv/archive-v0/5r0TFbRiJ6JTlaQIweKAT/PySide6/Qt/qml/QtQuick/Controls/FluentWinUI3/dark/images/radiobutton-indicator-checked-hovered@3x.png
/opt/data/home/.cache/uv/archive-v0/5r0TFbRiJ6JTlaQIweKAT/PySide6/Qt/qml/QtQuick/Controls/FluentWinUI3/dark/images/itemdelegate-background-highlighted@2x.png
/opt/data/home/.cache/uv/archive-v0/5r0TFbRiJ6JTlaQIweKAT/PySide6/Qt/qml/QtQuick/Controls/FluentWinUI3/dark/images/spinbox-indicator-down-icon-up-pressed@2x.png
/opt/data/home/.cache/uv/archive-v0/5r0TFbRiJ6JTlaQIweKAT/PySide6/Qt/qml/QtQuick/Controls/FluentWinUI3/dark/images/combobox-indicator-hovered-open.png
/opt/data/home/.cache/uv/archive-v0/5r0TFbRiJ6JTlaQIweKAT/PySide6/Qt/qml/QtQuick/Controls/FluentWinUI3/dark/images/slider-handle-pressed@2x.png
/opt/data/home/.cache/uv/archive-v0/5r0TFbRiJ6JTlaQIweKAT/PySide6/Qt/qml/QtQuick/Controls/FluentWinUI3/dark/images/spinbox-background-down-hovered@2x.png
/opt/data/home/.cache/uv/archive-v0/5r0TFbRiJ6JTlaQIweKAT/PySide6/Qt/qml/QtQuick/Controls/FluentWinUI3/dark/images/spinbox-indicator-up-icon-disabled@3x.png
/opt/data/home/.cache/uv/archive-v0/5r0TFbRiJ6JTlaQIweKAT/PySide6/Qt/qml/QtQuick/Controls/FluentWinUI3/dark/images/editablecombobox-popup-background-hovered-open@2x.png
/opt/data/home/.cache/uv/archive-v0/5r0TFbRiJ6JTlaQIweKAT/PySide6/Qt/qml/QtQuick/Controls/FluentWinUI3/dark/images/radiobutton-indicator-hovered@3x.png
/opt/data/home/.cache/uv/archive-v0/5r0TFbRiJ6JTlaQIweKAT/PySide6/Qt/qml/QtQuick/Controls/FluentWinUI3/dark/images/spinbox-background-atlimit@2x.png
/opt/data/home/.cache/uv/archive-v0/5r0TFbRiJ6JTlaQIweKAT/PySide6/Qt/qml/QtQuick/Controls/FluentWinUI3/dark/images/combobox-background-open@2x.png
/opt/data/home/.cache/uv/archive-v0/5r0TFbRiJ6JTlaQIweKAT/PySide6/Qt/qml/QtQuick/Controls/FluentWinUI3/dark/images/itemdelegate-background-highlighted-pressed.png
/opt/data/home/.cache/uv/archive-v0/5r0TFbRiJ6JTlaQIweKAT/PySide6/Qt/qml/QtQuick/Controls/FluentWinUI3/dark/images/checkbox-indicator-hovered-partiallyChecked.png
/opt/data/home/.cache/uv/archive-v0/5r0TFbRiJ6JTlaQIweKAT/PySide6/Qt/qml/QtQuick/Controls/FluentWinUI3/dark/images/combobox-indicator.png
/opt/data/home/.cache/uv/archive-v0/5r0TFbRiJ6JTlaQIweKAT/PySide6/Qt/qml/QtQuick/Controls/FluentWinUI3/dark/images/slider-handle-pressed.png
/opt/data/home/.cache/uv/archive-v0/5r0TFbRiJ6JTlaQIweKAT/PySide6/Qt/qml/QtQuick/Controls/FluentWinUI3/dark/images/editablecombobox-popup-background-hovered-open.png
/opt/data/home/.cache/uv/archive-v0/5r0TFbRiJ6JTlaQIweKAT/PySide6/Qt/qml/QtQuick/Controls/FluentWinUI3/dark/images/rangeslider-first-handle-handle-pressed.png
/opt/data/home/.cache/uv/archive-v0/5r0TFbRiJ6JTlaQIweKAT/PySide6/Qt/qml/QtQuick/Controls/FluentWinUI3/dark/images/radiobutton-indicator@2x.png
/opt/data/home/.cache/uv/archive-v0/5r0TFbRiJ6JTlaQIweKAT/PySide6/Qt/qml/QtQuick/Controls/FluentWinUI3/dark/images/radiobutton-indicator-checked-hovered.png
/opt/data/home/.cache/uv/archive-v0/5r0TFbRiJ6JTlaQIweKAT/PySide6/Qt/qml/QtQuick/Controls/FluentWinUI3/dark/images/spinbox-indicator-up-background.png
/opt/data/home/.cache/uv/archive-v0/5r0TFbRiJ6JTlaQIweKAT/PySide6/Qt/qml/QtQuick/Controls/FluentWinUI3/dark/images/combobox-indicator-open@2x.png
/opt/data/home/.cache/uv/archive-v0/5r0TFbRiJ6JTlaQIweKAT/PySide6/Qt/qml/QtQuick/Controls/FluentWinUI3/dark/images/spinbox-indicator-up-background-down-hovered@2x.png
/opt/data/home/.cache/uv/archive-v0/5r0TFbRiJ6JTlaQIweKAT/PySide6/Qt/qml/QtQuick/Controls/FluentWinUI3/dark/images/spinbox-background-disabled@3x.png
/opt/data/home/.cache/uv/archive-v0/5r0TFbRiJ6JTlaQIweKAT/PySide6/Qt/qml/QtQuick/Controls/FluentWinUI3/dark/images/spinbox-indicator-down-background-disabled@3x.png
/opt/data/home/.cache/uv/archive-v0/5r0TFbRiJ6JTlaQIweKAT/PySide6/Qt/qml/QtQuick/Controls/FluentWinUI3/dark/images/spinbox-indicator-up-icon-hovered@2x.png
/opt/data/home/.cache/uv/archive-v0/5r0TFbRiJ6JTlaQIweKAT/PySide6/Qt/qml/QtQuick/Controls/FluentWinUI3/dark/images/spinbox-indicator-up-icon-atlimit.png
/opt/data/home/.cache/uv/archive-v0/5r0TFbRiJ6JTlaQIweKAT/PySide6/Qt/qml/QtQuick/Controls/FluentWinUI3/dark/images/textarea-background-disabled@3x.png
/opt/data/home/.cache/uv/archive-v0/5r0TFbRiJ6JTlaQIweKAT/PySide6/Qt/qml/QtQuick/Controls/FluentWinUI3/dark/images/editablecombobox-indicator-hovered-open.png
/opt/data/home/.cache/uv/archive-v0/5r0TFbRiJ6JTlaQIweKAT/PySide6/Qt/qml/QtQuick/Controls/FluentWinUI3/dark/images/slider-groove-hovered.png
/opt/data/home/.cache/uv/archive-v0/5r0TFbRiJ6JTlaQIweKAT/PySide6/Qt/qml/QtQuick/Controls/FluentWinUI3/dark/images/spinbox-indicator-down-background-down-pressed@2x.png
/opt/data/home/.cache/uv/archive-v0/5r0TFbRiJ6JTlaQIweKAT/PySide6/Qt/qml/QtQuick/Controls/FluentWinUI3/dark/images/radiobutton-indicator-checked@3x.png
/opt/data/home/.cache/uv/archive-v0/5r0TFbRiJ6JTlaQIweKAT/PySide6/Qt/qml/QtQuick/Controls/FluentWinUI3/dark/images/progressbar-groove@3x.png
/opt/data/home/.cache/uv/archive-v0/5r0TFbRiJ6JTlaQIweKAT/PySide6/Qt/qml/QtQuick/Controls/FluentWinUI3/dark/images/editablecombobox-indicator-open-pressed.png
/opt/data/home/.cache/uv/archive-v0/5r0TFbRiJ6JTlaQIweKAT/PySide6/Qt/qml/QtQuick/Controls/FluentWinUI3/dark/images/spinbox-indicator-down-icon-up-hovered@3x.png
/opt/data/home/.cache/uv/archive-v0/5r0TFbRiJ6JTlaQIweKAT/PySide6/Qt/qml/QtQuick/Controls/FluentWinUI3/dark/images/spinbox-indicator-down-background-up-hovered@2x.png
/opt/data/home/.cache/uv/archive-v0/5r0TFbRiJ6JTlaQIweKAT/PySide6/Qt/qml/QtQuick/Controls/FluentWinUI3/dark/images/progressbar-groove-disabled@2x.png
/opt/data/home/.cache/uv/archive-v0/5r0TFbRiJ6JTlaQIweKAT/PySide6/Qt/qml/QtQuick/Controls/FluentWinUI3/dark/images/checkbox-indicator-hovered.png
/opt/data/home/.cache/uv/archive-v0/5r0TFbRiJ6JTlaQIweKAT/PySide6/Qt/qml/QtQuick/Controls/FluentWinUI3/dark/images/checkbox-indicator-hovered-partiallyChecked@3x.png
/opt/data/home/.cache/uv/archive-v0/5r0TFbRiJ6JTlaQIweKAT/PySide6/Qt/qml/QtQuick/Controls/FluentWinUI3/dark/images/combobox-indicator@2x.png
/opt/data/home/.cache/uv/archive-v0/5r0TFbRiJ6JTlaQIweKAT/PySide6/Qt/qml/QtQuick/Controls/FluentWinUI3/dark/images/radiobutton-indicator-pressed@3x.png
/opt/data/home/.cache/uv/archive-v0/5r0TFbRiJ6JTlaQIweKAT/PySide6/Qt/qml/QtQuick/Controls/FluentWinUI3/dark/images/spinbox-indicator-up-background-down-pressed@3x.png
/opt/data/home/.cache/uv/archive-v0/5r0TFbRiJ6JTlaQIweKAT/PySide6/Qt/qml/QtQuick/Controls/FluentWinUI3/dark/images/spinbox-indicator-up-background-disabled.png
/opt/data/home/.cache/uv/archive-v0/5r0TFbRiJ6JTlaQIweKAT/PySide6/Qt/qml/QtQuick/Controls/FluentWinUI3/dark/images/spinbox-indicator-down-background@3x.png
/opt/data/home/.cache/uv/archive-v0/5r0TFbRiJ6JTlaQIweKAT/PySide6/Qt/qml/QtQuick/Controls/FluentWinUI3/dark/images/itemdelegate-background-highlighted@3x.png
/opt/data/home/.cache/uv/archive-v0/5r0TFbRiJ6JTlaQIweKAT/PySide6/Qt/qml/QtQuick/Controls/FluentWinUI3/dark/images/pageindicatordelegate-indicator-delegate-current-hovered@2x.png
/opt/data/home/.cache/uv/archive-v0/5r0TFbRiJ6JTlaQIweKAT/PySide6/Qt/qml/QtQuick/Controls/FluentWinUI3/dark/images/editablecombobox-popup-background-open-pressed@3x.png
/opt/data/home/.cache/uv/archive-v0/5r0TFbRiJ6JTlaQIweKAT/PySide6/Qt/qml/QtQuick/Controls/FluentWinUI3/dark/images/combobox-indicator-open.png
/opt/data/home/.cache/uv/archive-v0/5r0TFbRiJ6JTlaQIweKAT/PySide6/Qt/qml/QtQuick/Controls/FluentWinUI3/dark/images/rangeslider-groove-disabled@3x.png
/opt/data/home/.cache/uv/archive-v0/5r0TFbRiJ6JTlaQIweKAT/PySide6/Qt/qml/QtQuick/Controls/FluentWinUI3/dark/images/slider-groove-hovered@3x.png
/opt/data/home/.cache/uv/archive-v0/5r0TFbRiJ6JTlaQIweKAT/PySide6/Qt/qml/QtQuick/Controls/FluentWinUI3/dark/images/spinbox-background-down-pressed@3x.png
/opt/data/home/.cache/uv/archive-v0/5r0TFbRiJ6JTlaQIweKAT/PySide6/Qt/qml/QtQuick/Controls/FluentWinUI3/dark/images/rangeslider-groove.png
/opt/data/home/.cache/uv/archive-v0/5r0TFbRiJ6JTlaQIweKAT/PySide6/Qt/qml/QtQuick/Controls/FluentWinUI3/dark/images/spinbox-indicator-up-icon@3x.png
/opt/data/home/.cache/uv/archive-v0/5r0TFbRiJ6JTlaQIweKAT/PySide6/Qt/qml/QtQuick/Controls/FluentWinUI3/dark/images/editablecombobox-indicator-open.png
/opt/data/home/.cache/uv/archive-v0/5r0TFbRiJ6JTlaQIweKAT/PySide6/Qt/qml/QtQuick/Controls/FluentWinUI3/dark/images/spinbox-indicator-up-icon-up-hovered@3x.png
/opt/data/home/.cache/uv/archive-v0/5r0TFbRiJ6JTlaQIweKAT/PySide6/Qt/qml/QtQuick/Controls/FluentWinUI3/dark/images/progressbar-groove-disabled@3x.png
/opt/data/home/.cache/uv/archive-v0/5r0TFbRiJ6JTlaQIweKAT/PySide6/Qt/qml/QtQuick/Controls/FluentWinUI3/dark/images/slider-groove.png
/opt/data/home/.cache/uv/archive-v0/5r0TFbRiJ6JTlaQIweKAT/PySide6/Qt/qml/QtQuick/Controls/FluentWinUI3/dark/images/textarea-background@3x.png
/opt/data/home/.cache/uv/archive-v0/5r0TFbRiJ6JTlaQIweKAT/PySide6/Qt/qml/QtQuick/Controls/FluentWinUI3/dark/images/checkbox-indicator-pressed@2x.png
/opt/data/home/.cache/uv/archive-v0/5r0TFbRiJ6JTlaQIweKAT/PySide6/Qt/qml/QtQuick/Controls/FluentWinUI3/dark/images/spinbox-background-hovered@3x.png
/opt/data/home/.cache/uv/archive-v0/5r0TFbRiJ6JTlaQIweKAT/PySide6/Qt/qml/QtQuick/Controls/FluentWinUI3/dark/images/spinbox-indicator-down-background-disabled.png
/opt/data/home/.cache/uv/archive-v0/5r0TFbRiJ6JTlaQIweKAT/PySide6/Qt/qml/QtQuick/Controls/FluentWinUI3/dark/images/editablecombobox-background-open@3x.png
/opt/data/home/.cache/uv/archive-v0/5r0TFbRiJ6JTlaQIweKAT/PySide6/Qt/qml/QtQuick/Controls/FluentWinUI3/dark/images/radiobutton-indicator-pressed@2x.png
/opt/data/home/.cache/uv/archive-v0/5r0TFbRiJ6JTlaQIweKAT/PySide6/Qt/qml/QtQuick/Controls/FluentWinUI3/dark/images/progressbar-groove-disabled.png
/opt/data/home/.cache/uv/archive-v0/5r0TFbRiJ6JTlaQIweKAT/PySide6/Qt/qml/QtQuick/Controls/FluentWinUI3/dark/images/textfield-background-disabled@2x.png
/opt/data/home/.cache/uv/archive-v0/5r0TFbRiJ6JTlaQIweKAT/PySide6/Qt/qml/QtQuick/Controls/FluentWinUI3/dark/images/spinbox-indicator-up-background-up-pressed@3x.png
/opt/data/home/.cache/uv/archive-v0/5r0TFbRiJ6JTlaQIweKAT/PySide6/Qt/qml/QtQuick/Controls/FluentWinUI3/dark/images/pageindicatordelegate-indicator-delegate-pressed@2x.png
/opt/data/home/.cache/uv/archive-v0/5r0TFbRiJ6JTlaQIweKAT/PySide6/Qt/qml/QtQuick/Controls/FluentWinUI3/dark/images/spinbox-background.png
/opt/data/home/.cache/uv/archive-v0/5r0TFbRiJ6JTlaQIweKAT/PySide6/Qt/qml/QtQuick/Controls/FluentWinUI3/dark/images/checkbox-indicator-disabled-partiallyChecked.png
/opt/data/home/.cache/uv/archive-v0/5r0TFbRiJ6JTlaQIweKAT/PySide6/Qt/qml/QtQuick/Controls/FluentWinUI3/dark/images/spinbox-indicator-down-background-hovered.png
/opt/data/home/.cache/uv/archive-v0/5r0TFbRiJ6JTlaQIweKAT/PySide6/Qt/qml/QtQuick/Controls/FluentWinUI3/dark/images/spinbox-indicator-up-icon-disabled@2x.png
/opt/data/home/.cache/uv/archive-v0/5r0TFbRiJ6JTlaQIweKAT/PySide6/Qt/qml/QtQuick/Controls/FluentWinUI3/dark/images/spinbox-indicator-up-icon.png
/opt/data/home/.cache/uv/archive-v0/5r0TFbRiJ6JTlaQIweKAT/PySide6/Qt/qml/QtQuick/Controls/FluentWinUI3/dark/images/pageindicatordelegate-indicator-hovered.png
/opt/data/home/.cache/uv/archive-v0/5r0TFbRiJ6JTlaQIweKAT/PySide6/Qt/qml/QtQuick/Controls/FluentWinUI3/dark/images/pageindicatordelegate-indicator-delegate-current@3x.png
/opt/data/home/.cache/uv/archive-v0/5r0TFbRiJ6JTlaQIweKAT/PySide6/Qt/qml/QtQuick/Controls/FluentWinUI3/dark/images/textarea-background@2x.png
/opt/data/home/.cache/uv/archive-v0/5r0TFbRiJ6JTlaQIweKAT/PySide6/Qt/qml/QtQuick/Controls/FluentWinUI3/dark/images/combobox-indicator-disabled.png
/opt/data/home/.cache/uv/archive-v0/5r0TFbRiJ6JTlaQIweKAT/PySide6/Qt/qml/QtQuick/Controls/FluentWinUI3/dark/images/itemdelegate-background-hovered@3x.png
/opt/data/home/.cache/uv/archive-v0/5r0TFbRiJ6JTlaQIweKAT/PySide6/Qt/qml/QtQuick/Controls/FluentWinUI3/dark/images/spinbox-indicator-up-icon-down-pressed.png
/opt/data/home/.cache/uv/archive-v0/5r0TFbRiJ6JTlaQIweKAT/PySide6/Qt/qml/QtQuick/Controls/FluentWinUI3/dark/images/textarea-background-hovered.png
/opt/data/home/.cache/uv/archive-v0/5r0TFbRiJ6JTlaQIweKAT/PySide6/Qt/qml/QtQuick/Controls/FluentWinUI3/dark/images/textfield-background@2x.png
/opt/data/home/.cache/uv/archive-v0/5r0TFbRiJ6JTlaQIweKAT/PySide6/Qt/qml/QtQuick/Controls/FluentWinUI3/dark/images/spinbox-background-up-pressed.png
/opt/data/home/.cache/uv/archive-v0/5r0TFbRiJ6JTlaQIweKAT/PySide6/Qt/qml/QtQuick/Controls/FluentWinUI3/dark/images/spinbox-indicator-up-background-hovered@2x.png
/opt/data/home/.cache/uv/archive-v0/5r0TFbRiJ6JTlaQIweKAT/PySide6/Qt/qml/QtQuick/Controls/FluentWinUI3/dark/images/combobox-indicator-open-pressed@2x.png
/opt/data/home/.cache/uv/archive-v0/5r0TFbRiJ6JTlaQIweKAT/PySide6/Qt/qml/QtQuick/Controls/FluentWinUI3/dark/images/combobox-indicator-pressed.png
/opt/data/home/.cache/uv/archive-v0/5r0TFbRiJ6JTlaQIweKAT/PySide6/Qt/qml/QtQuick/Controls/FluentWinUI3/dark/images/spinbox-indicator-up-icon-up-pressed.png
/opt/data/home/.cache/uv/archive-v0/5r0TFbRiJ6JTlaQIweKAT/PySide6/Qt/qml/QtQuick/Controls/FluentWinUI3/dark/images/spinbox-indicator-down-background-down-hovered@2x.png
/opt/data/home/.cache/uv/archive-v0/5r0TFbRiJ6JTlaQIweKAT/PySide6/Qt/qml/QtQuick/Controls/FluentWinUI3/dark/images/spinbox-background-atlimit.png
/opt/data/home/.cache/uv/archive-v0/5r0TFbRiJ6JTlaQIweKAT/PySide6/Qt/qml/QtQuick/Controls/FluentWinUI3/dark/images/editablecombobox-background-hovered-open@3x.png
/opt/data/home/.cache/uv/archive-v0/5r0TFbRiJ6JTlaQIweKAT/PySide6/Qt/qml/QtQuick/Controls/FluentWinUI3/dark/images/combobox-indicator-hovered@3x.png
/opt/data/home/.cache/uv/archive-v0/5r0TFbRiJ6JTlaQIweKAT/PySide6/Qt/qml/QtQuick/Controls/FluentWinUI3/dark/images/itemdelegate-background-hovered.png
/opt/data/home/.cache/uv/archive-v0/5r0TFbRiJ6JTlaQIweKAT/PySide6/Qt/qml/QtQuick/Controls/FluentWinUI3/dark/images/pageindicatordelegate-indicator-hovered@2x.png
/opt/data/home/.cache/uv/archive-v0/5r0TFbRiJ6JTlaQIweKAT/PySide6/Qt/qml/QtQuick/Controls/FluentWinUI3/dark/images/spinbox-indicator-down-background-down-pressed@3x.png
/opt/data/home/.cache/uv/archive-v0/5r0TFbRiJ6JTlaQIweKAT/PySide6/Qt/qml/QtQuick/Controls/FluentWinUI3/dark/images/itemdelegate-background-highlighted-pressed@3x.png
/opt/data/home/.cache/uv/archive-v0/5r0TFbRiJ6JTlaQIweKAT/PySide6/Qt/qml/QtQuick/Controls/FluentWinUI3/dark/images/editablecombobox-background-open-pressed.png
/opt/data/home/.cache/uv/archive-v0/5r0TFbRiJ6JTlaQIweKAT/PySide6/Qt/qml/QtQuick/Controls/FluentWinUI3/dark/images/spinbox-indicator-down-background-hovered@3x.png
/opt/data/home/.cache/uv/archive-v0/5r0TFbRiJ6JTlaQIweKAT/PySide6/Qt/qml/QtQuick/Controls/FluentWinUI3/dark/images/combobox-indicator-hovered.png
/opt/data/home/.cache/uv/archive-v0/5r0TFbRiJ6JTlaQIweKAT/PySide6/Qt/qml/QtQuick/Controls/FluentWinUI3/dark/images/checkbox-indicator-checked-hovered@2x.png
/opt/data/home/.cache/uv/archive-v0/5r0TFbRiJ6JTlaQIweKAT/PySide6/Qt/qml/QtQuick/Controls/FluentWinUI3/dark/images/rangeslider-first-handle-handle-pressed@2x.png
/opt/data/home/.cache/uv/archive-v0/5r0TFbRiJ6JTlaQIweKAT/PySide6/Qt/qml/QtQuick/Controls/FluentWinUI3/dark/images/spinbox-indicator-down-background.png
/opt/data/home/.cache/uv/archive-v0/5r0TFbRiJ6JTlaQIweKAT/PySide6/Qt/qml/QtQuick/Controls/FluentWinUI3/dark/images/checkbox-indicator-partiallyChecked-pressed@3x.png
/opt/data/home/.cache/uv/archive-v0/5r0TFbRiJ6JTlaQIweKAT/PySide6/Qt/qml/QtQuick/Controls/FluentWinUI3/dark/images/combobox-indicator-hovered@2x.png
/opt/data/home/.cache/uv/archive-v0/5r0TFbRiJ6JTlaQIweKAT/PySide6/Qt/qml/QtQuick/Controls/FluentWinUI3/dark/images/slider-handle-disabled@3x.png
/opt/data/home/.cache/uv/archive-v0/5r0TFbRiJ6JTlaQIweKAT/PySide6/Qt/qml/QtQuick/Controls/FluentWinUI3/dark/images/rangeslider-second-handle-hovered@2x.png
/opt/data/home/.cache/uv/archive-v0/5r0TFbRiJ6JTlaQIweKAT/PySide6/Qt/qml/QtQuick/Controls/FluentWinUI3/dark/images/pageindicatordelegate-indicator-delegate-pressed@3x.png
/opt/data/home/.cache/uv/archive-v0/5r0TFbRiJ6JTlaQIweKAT/PySide6/Qt/qml/QtQuick/Controls/FluentWinUI3/dark/images/combobox-background-open-pressed@2x.png
/opt/data/home/.cache/uv/archive-v0/5r0TFbRiJ6JTlaQIweKAT/PySide6/Qt/qml/QtQuick/Controls/FluentWinUI3/dark/images/rangeslider-second-handle.png
/opt/data/home/.cache/uv/archive-v0/5r0TFbRiJ6JTlaQIweKAT/PySide6/Qt/qml/QtQuick/Controls/FluentWinUI3/dark/images/rangeslider-first-handle-hovered@2x.png
/opt/data/home/.cache/uv/archive-v0/5r0TFbRiJ6JTlaQIweKAT/PySide6/Qt/qml/QtQuick/Controls/FluentWinUI3/dark/images/slider-handle-disabled@2x.png
/opt/data/home/.cache/uv/archive-v0/5r0TFbRiJ6JTlaQIweKAT/PySide6/Qt/qml/QtQuick/Controls/FluentWinUI3/dark/images/spinbox-indicator-down-background-atlimit.png
/opt/data/home/.cache/uv/archive-v0/5r0TFbRiJ6JTlaQIweKAT/PySide6/Qt/qml/QtQuick/Controls/FluentWinUI3/dark/images/spinbox-indicator-up-icon-atlimit@3x.png
/opt/data/home/.cache/uv/archive-v0/5r0TFbRiJ6JTlaQIweKAT/PySide6/Qt/qml/QtQuick/Controls/FluentWinUI3/dark/images/spinbox-indicator-up-icon-up-hovered@2x.png
/opt/data/home/.cache/uv/archive-v0/5r0TFbRiJ6JTlaQIweKAT/PySide6/Qt/qml/QtQuick/Controls/FluentWinUI3/dark/images/pageindicatordelegate-indicator-disabled@2x.png
/opt/data/home/.cache/uv/archive-v0/5r0TFbRiJ6JTlaQIweKAT/PySide6/Qt/qml/QtQuick/Controls/FluentWinUI3/dark/images/spinbox-indicator-up-icon-up-pressed@3x.png
/opt/data/home/.cache/uv/archive-v0/5r0TFbRiJ6JTlaQIweKAT/PySide6/Qt/qml/QtQuick/Controls/FluentWinUI3/dark/images/textarea-background-focused.png
/opt/data/home/.cache/uv/archive-v0/5r0TFbRiJ6JTlaQIweKAT/PySide6/Qt/qml/QtQuick/Controls/FluentWinUI3/dark/images/pageindicatordelegate-indicator-disabled@3x.png
/opt/data/home/.cache/uv/archive-v0/5r0TFbRiJ6JTlaQIweKAT/PySide6/Qt/qml/QtQuick/Controls/FluentWinUI3/dark/images/spinbox-indicator-up-icon-hovered@3x.png
/opt/data/home/.cache/uv/archive-v0/5r0TFbRiJ6JTlaQIweKAT/PySide6/Qt/qml/QtQuick/Controls/FluentWinUI3/dark/images/spinbox-background-up-hovered@3x.png
/opt/data/home/.cache/uv/archive-v0/5r0TFbRiJ6JTlaQIweKAT/PySide6/Qt/qml/QtQuick/Controls/FluentWinUI3/dark/images/spinbox-background-up-hovered.png
/opt/data/home/.cache/uv/archive-v0/5r0TFbRiJ6JTlaQIweKAT/PySide6/Qt/qml/QtQuick/Controls/FluentWinUI3/dark/images/spinbox-indicator-up-background-up-pressed.png
/opt/data/home/.cache/uv/archive-v0/5r0TFbRiJ6JTlaQIweKAT/PySide6/Qt/qml/QtQuick/Controls/FluentWinUI3/dark/images/combobox-background-open@3x.png
/opt/data/home/.cache/uv/archive-v0/5r0TFbRiJ6JTlaQIweKAT/PySide6/Qt/qml/QtQuick/Controls/FluentWinUI3/dark/images/editablecombobox-popup-background-hovered-open@3x.png
/opt/data/home/.cache/uv/archive-v0/5r0TFbRiJ6JTlaQIweKAT/PySide6/Qt/qml/QtQuick/Controls/FluentWinUI3/dark/images/pageindicatordelegate-indicator-disabled.png
/opt/data/home/.cache/uv/archive-v0/5r0TFbRiJ6JTlaQIweKAT/PySide6/Qt/qml/QtQuick/Controls/FluentWinUI3/dark/images/spinbox-background-down-pressed@2x.png
/opt/data/home/.cache/uv/archive-v0/5r0TFbRiJ6JTlaQIweKAT/PySide6/Qt/qml/QtQuick/Controls/FluentWinUI3/dark/images/checkbox-indicator-partiallyChecked-pressed.png
/opt/data/home/.cache/uv/archive-v0/5r0TFbRiJ6JTlaQIweKAT/PySide6/Qt/qml/QtQuick/Controls/FluentWinUI3/dark/images/radiobutton-indicator.png
/opt/data/home/.cache/uv/archive-v0/5r0TFbRiJ6JTlaQIweKAT/PySide6/Qt/qml/QtQuick/Controls/FluentWinUI3/dark/images/combobox-background-disabled@3x.png
/opt/data/home/.cache/uv/archive-v0/5r0TFbRiJ6JTlaQIweKAT/PySide6/Qt/qml/QtQuick/Controls/FluentWinUI3/dark/images/textarea-background-focused@2x.png
/opt/data/home/.cache/uv/archive-v0/5r0TFbRiJ6JTlaQIweKAT/PySide6/Qt/qml/QtQuick/Controls/FluentWinUI3/dark/images/pageindicatordelegate-indicator-delegate-current-hovered.png
/opt/data/home/.cache/uv/archive-v0/5r0TFbRiJ6JTlaQIweKAT/PySide6/Qt/qml/QtQuick/Controls/FluentWinUI3/dark/images/checkbox-indicator-checked.png
/opt/data/home/.cache/uv/archive-v0/5r0TFbRiJ6JTlaQIweKAT/PySide6/Qt/qml/QtQuick/Controls/FluentWinUI3/dark/images/slider-handle-hovered.png
/opt/data/home/.cache/uv/archive-v0/5r0TFbRiJ6JTlaQIweKAT/PySide6/Qt/qml/QtQuick/Controls/FluentWinUI3/dark/images/spinbox-indicator-down-background-up-pressed.png
/opt/data/home/.cache/uv/archive-v0/5r0TFbRiJ6JTlaQIweKAT/PySide6/Qt/qml/QtQuick/Controls/FluentWinUI3/dark/images/rangeslider-first-handle@3x.png
/opt/data/home/.cache/uv/archive-v0/5r0TFbRiJ6JTlaQIweKAT/PySide6/Qt/qml/QtQuick/Controls/FluentWinUI3/dark/images/popup-background@2x.png
/opt/data/home/.cache/uv/archive-v0/5r0TFbRiJ6JTlaQIweKAT/PySide6/Qt/qml/QtQuick/Controls/FluentWinUI3/dark/images/radiobutton-indicator-checked.png
/opt/data/home/.cache/uv/archive-v0/5r0TFbRiJ6JTlaQIweKAT/PySide6/Qt/qml/QtQuick/Controls/FluentWinUI3/dark/images/rangeslider-groove-disabled@2x.png
/opt/data/home/.cache/uv/archive-v0/5r0TFbRiJ6JTlaQIweKAT/PySide6/Qt/qml/QtQuick/Controls/FluentWinUI3/dark/images/radiobutton-indicator-disabled@3x.png
/opt/data/home/.cache/uv/archive-v0/5r0TFbRiJ6JTlaQIweKAT/PySide6/Qt/qml/QtQuick/Controls/FluentWinUI3/dark/images/spinbox-indicator-up-background-atlimit@3x.png
/opt/data/home/.cache/uv/archive-v0/5r0TFbRiJ6JTlaQIweKAT/PySide6/Qt/qml/QtQuick/Controls/FluentWinUI3/dark/images/checkbox-indicator-checked-disabled@3x.png
/opt/data/home/.cache/uv/archive-v0/5r0TFbRiJ6JTlaQIweKAT/PySide6/Qt/qml/QtQuick/Controls/FluentWinUI3/dark/images/combobox-background-focused.png
/opt/data/home/.cache/uv/archive-v0/5r0TFbRiJ6JTlaQIweKAT/PySide6/Qt/qml/QtQuick/Controls/FluentWinUI3/dark/images/radiobutton-indicator-pressed.png
/opt/data/home/.cache/uv/archive-v0/5r0TFbRiJ6JTlaQIweKAT/PySide6/Qt/qml/QtQuick/Controls/FluentWinUI3/dark/images/rangeslider-first-handle-hovered@3x.png
/opt/data/home/.cache/uv/archive-v0/5r0TFbRiJ6JTlaQIweKAT/PySide6/Qt/qml/QtQuick/Controls/FluentWinUI3/dark/images/checkbox-indicator-checked-disabled.png
/opt/data/home/.cache/uv/archive-v0/5r0TFbRiJ6JTlaQIweKAT/PySide6/Qt/qml/QtQuick/Controls/FluentWinUI3/dark/images/textarea-background-disabled.png
/opt/data/home/.cache/uv/archive-v0/5r0TFbRiJ6JTlaQIweKAT/PySide6/Qt/qml/QtQuick/Controls/FluentWinUI3/dark/images/slider-handle.png
/opt/data/home/.cache/uv/archive-v0/5r0TFbRiJ6JTlaQIweKAT/PySide6/Qt/qml/QtQuick/Controls/FluentWinUI3/dark/images/slider-handle-hovered@2x.png
/opt/data/home/.cache/uv/archive-v0/5r0TFbRiJ6JTlaQIweKAT/PySide6/Qt/qml/QtQuick/Controls/FluentWinUI3/dark/images/checkbox-indicator-pressed.png
/opt/data/home/.cache/uv/archive-v0/5r0TFbRiJ6JTlaQIweKAT/PySide6/Qt/qml/QtQuick/Controls/FluentWinUI3/dark/images/textfield-background-hovered.png
/opt/data/home/.cache/uv/archive-v0/5r0TFbRiJ6JTlaQIweKAT/PySide6/Qt/qml/QtQuick/Controls/FluentWinUI3/dark/images/combobox-indicator-open-pressed.png
/opt/data/home/.cache/uv/archive-v0/5r0TFbRiJ6JTlaQIweKAT/PySide6/Qt/qml/QtQuick/Controls/FluentWinUI3/dark/images/spinbox-indicator-down-icon-down-pressed@2x.png
/opt/data/home/.cache/uv/archive-v0/5r0TFbRiJ6JTlaQIweKAT/PySide6/Qt/qml/QtQuick/Controls/FluentWinUI3/dark/images/textfield-background-disabled.png
/opt/data/home/.cache/uv/archive-v0/5r0TFbRiJ6JTlaQIweKAT/PySide6/Qt/qml/QtQuick/Controls/FluentWinUI3/dark/images/frame-background-disabled@2x.png
/opt/data/home/.cache/uv/archive-v0/5r0TFbRiJ6JTlaQIweKAT/PySide6/Qt/qml/QtQuick/Controls/FluentWinUI3/dark/images/radiobutton-indicator-checked-pressed@2x.png
/opt/data/home/.cache/uv/archive-v0/5r0TFbRiJ6JTlaQIweKAT/PySide6/Qt/qml/QtQuick/Controls/FluentWinUI3/dark/images/rangeslider-second-handle@3x.png
/opt/data/home/.cache/uv/archive-v0/5r0TFbRiJ6JTlaQIweKAT/PySide6/Qt/qml/QtQuick/Controls/FluentWinUI3/dark/images/spinbox-indicator-up-background-disabled@2x.png
/opt/data/home/.cache/uv/archive-v0/5r0TFbRiJ6JTlaQIweKAT/PySide6/Qt/qml/QtQuick/Controls/FluentWinUI3/dark/images/combobox-background-disabled@2x.png
/opt/data/home/.cache/uv/archive-v0/5r0TFbRiJ6JTlaQIweKAT/PySide6/Qt/qml/QtQuick/Controls/FluentWinUI3/dark/images/spinbox-indicator-down-icon-atlimit@2x.png
/opt/data/home/.cache/uv/archive-v0/5r0TFbRiJ6JTlaQIweKAT/PySide6/Qt/qml/QtQuick/Controls/FluentWinUI3/dark/images/spinbox-indicator-down-icon-hovered@2x.png
/opt/data/home/.cache/uv/archive-v0/5r0TFbRiJ6JTlaQIweKAT/PySide6/Qt/qml/QtQuick/Controls/FluentWinUI3/dark/images/spinbox-indicator-up-background-hovered.png
/opt/data/home/.cache/uv/archive-v0/5r0TFbRiJ6JTlaQIweKAT/PySide6/Qt/qml/QtQuick/Controls/FluentWinUI3/dark/images/rangeslider-groove-hovered.png
/opt/data/home/.cache/uv/archive-v0/5r0TFbRiJ6JTlaQIweKAT/PySide6/Qt/qml/QtQuick/Controls/FluentWinUI3/dark/images/combobox-background-hovered.png
/opt/data/home/.cache/uv/archive-v0/5r0TFbRiJ6JTlaQIweKAT/PySide6/Qt/qml/QtQuick/Controls/FluentWinUI3/dark/images/spinbox-background@3x.png
/opt/data/home/.cache/uv/archive-v0/5r0TFbRiJ6JTlaQIweKAT/PySide6/Qt/qml/QtQuick/Controls/FluentWinUI3/dark/images/rangeslider-groove-handle-pressed.png
/opt/data/home/.cache/uv/archive-v0/5r0TFbRiJ6JTlaQIweKAT/PySide6/Qt/qml/QtQuick/Controls/FluentWinUI3/dark/images/slider-groove-pressed@2x.png
/opt/data/home/.cache/uv/archive-v0/5r0TFbRiJ6JTlaQIweKAT/PySide6/Qt/qml/QtQuick/Controls/FluentWinUI3/dark/images/spinbox-indicator-down-icon-atlimit.png
/opt/data/home/.cache/uv/archive-v0/5r0TFbRiJ6JTlaQIweKAT/PySide6/Qt/qml/QtQuick/Controls/FluentWinUI3/dark/images/frame-background-disabled.png
/opt/data/home/.cache/uv/archive-v0/5r0TFbRiJ6JTlaQIweKAT/PySide6/Qt/qml/QtQuick/Controls/FluentWinUI3/dark/images/slider-handle@2x.png
/opt/data/home/.cache/uv/archive-v0/5r0TFbRiJ6JTlaQIweKAT/PySide6/Qt/qml/QtQuick/Controls/FluentWinUI3/dark/images/editablecombobox-indicator-open@2x.png
/opt/data/home/.cache/uv/archive-v0/5r0TFbRiJ6JTlaQIweKAT/PySide6/Qt/qml/QtQuick/Controls/FluentWinUI3/dark/images/editablecombobox-background-hovered-open.png
/opt/data/home/.cache/uv/archive-v0/5r0TFbRiJ6JTlaQIweKAT/PySide6/Qt/qml/QtQuick/Controls/FluentWinUI3/dark/images/slider-groove-disabled@2x.png
/opt/data/home/.cache/uv/archive-v0/5r0TFbRiJ6JTlaQIweKAT/PySide6/Qt/qml/QtQuick/Controls/FluentWinUI3/dark/images/rangeslider-groove-hovered@2x.png
/opt/data/home/.cache/uv/archive-v0/5r0TFbRiJ6JTlaQIweKAT/PySide6/Qt/qml/QtQuick/Controls/FluentWinUI3/dark/images/rangeslider-first-handle-disabled@2x.png
/opt/data/home/.cache/uv/archive-v0/5r0TFbRiJ6JTlaQIweKAT/PySide6/Qt/qml/QtQuick/Controls/FluentWinUI3/dark/images/checkbox-indicator-checked-pressed@2x.png
/opt/data/home/.cache/uv/archive-v0/5r0TFbRiJ6JTlaQIweKAT/PySide6/Qt/qml/QtQuick/Controls/FluentWinUI3/dark/images/slider-handle-hovered@3x.png
/opt/data/home/.cache/uv/archive-v0/5r0TFbRiJ6JTlaQIweKAT/PySide6/Qt/qml/QtQuick/Controls/FluentWinUI3/dark/images/combobox-background-open-pressed@3x.png
/opt/data/home/.cache/uv/archive-v0/5r0TFbRiJ6JTlaQIweKAT/PySide6/Qt/qml/QtQuick/Controls/FluentWinUI3/dark/images/checkbox-indicator-checked-hovered.png
/opt/data/home/.cache/uv/archive-v0/5r0TFbRiJ6JTlaQIweKAT/PySide6/Qt/qml/QtQuick/Controls/FluentWinUI3/dark/images/checkbox-indicator-partiallyChecked@2x.png
/opt/data/home/.cache/uv/archive-v0/5r0TFbRiJ6JTlaQIweKAT/PySide6/Qt/qml/QtQuick/Controls/FluentWinUI3/dark/images/spinbox-indicator-up-background-up-hovered@2x.png
/opt/data/home/.cache/uv/archive-v0/5r0TFbRiJ6JTlaQIweKAT/PySide6/Qt/qml/QtQuick/Controls/FluentWinUI3/dark/images/editablecombobox-background-hovered-open@2x.png
/opt/data/home/.cache/uv/archive-v0/5r0TFbRiJ6JTlaQIweKAT/PySide6/Qt/qml/QtQuick/Controls/FluentWinUI3/dark/images/textfield-background-focused.png
/opt/data/home/.cache/uv/archive-v0/5r0TFbRiJ6JTlaQIweKAT/PySide6/Qt/qml/QtQuick/Controls/FluentWinUI3/dark/images/textarea-background-hovered@2x.png
/opt/data/home/.cache/uv/archive-v0/5r0TFbRiJ6JTlaQIweKAT/PySide6/Qt/qml/QtQuick/Controls/FluentWinUI3/dark/images/spinbox-background-up-hovered@2x.png
/opt/data/home/.cache/uv/archive-v0/5r0TFbRiJ6JTlaQIweKAT/PySide6/Qt/qml/QtQuick/Controls/FluentWinUI3/dark/images/slider-handle@3x.png
/opt/data/home/.cache/uv/archive-v0/5r0TFbRiJ6JTlaQIweKAT/PySide6/Qt/qml/QtQuick/Controls/FluentWinUI3/dark/images/spinbox-background-up-pressed@3x.png
/opt/data/home/.cache/uv/archive-v0/5r0TFbRiJ6JTlaQIweKAT/PySide6/Qt/qml/QtQuick/Controls/FluentWinUI3/dark/images/combobox-indicator@3x.png
/opt/data/home/.cache/uv/archive-v0/5r0TFbRiJ6JTlaQIweKAT/PySide6/Qt/qml/QtQuick/Controls/FluentWinUI3/dark/images/slider-groove-pressed@3x.png
/opt/data/home/.cache/uv/archive-v0/5r0TFbRiJ6JTlaQIweKAT/PySide6/Qt/qml/QtQuick/Controls/FluentWinUI3/dark/images/radiobutton-indicator-checked-disabled.png
/opt/data/home/.cache/uv/archive-v0/5r0TFbRiJ6JTlaQIweKAT/PySide6/Qt/qml/QtQuick/Controls/FluentWinUI3/dark/images/spinbox-indicator-up-background-down-hovered@3x.png
/opt/data/home/.cache/uv/archive-v0/5r0TFbRiJ6JTlaQIweKAT/PySide6/Qt/qml/QtQuick/Controls/FluentWinUI3/dark/images/rangeslider-first-handle-handle-pressed@3x.png
/opt/data/home/.cache/uv/archive-v0/5r0TFbRiJ6JTlaQIweKAT/PySide6/Qt/qml/QtQuick/Controls/FluentWinUI3/dark/images/slider-groove-pressed.png
/opt/data/home/.cache/uv/archive-v0/5r0TFbRiJ6JTlaQIweKAT/PySide6/Qt/qml/QtQuick/Controls/FluentWinUI3/dark/images/textfield-background@3x.png
/opt/data/home/.cache/uv/archive-v0/5r0TFbRiJ6JTlaQIweKAT/PySide6/Qt/qml/QtQuick/Controls/FluentWinUI3/dark/images/slider-groove@3x.png
/opt/data/home/.cache/uv/archive-v0/5r0TFbRiJ6JTlaQIweKAT/PySide6/Qt/qml/QtQuick/Controls/FluentWinUI3/dark/images/spinbox-indicator-down-icon-up-pressed@3x.png
/opt/data/home/.cache/uv/archive-v0/5r0TFbRiJ6JTlaQIweKAT/PySide6/Qt/qml/QtQuick/Controls/FluentWinUI3/dark/images/combobox-background-hovered@2x.png
/opt/data/home/.cache/uv/archive-v0/5r0TFbRiJ6JTlaQIweKAT/PySide6/Qt/qml/QtQuick/Controls/FluentWinUI3/dark/images/popup-background@3x.png
/opt/data/home/.cache/uv/archive-v0/5r0TFbRiJ6JTlaQIweKAT/PySide6/Qt/qml/QtQuick/Controls/FluentWinUI3/dark/images/spinbox-indicator-down-icon-down-pressed@3x.png
/opt/data/home/.cache/uv/archive-v0/5r0TFbRiJ6JTlaQIweKAT/PySide6/Qt/qml/QtQuick/Controls/FluentWinUI3/dark/images/spinbox-indicator-up-background-disabled@3x.png
/opt/data/home/.cache/uv/archive-v0/5r0TFbRiJ6JTlaQIweKAT/PySide6/Qt/qml/QtQuick/Controls/FluentWinUI3/dark/images/rangeslider-second-handle-disabled@2x.png
/opt/data/home/.cache/uv/archive-v0/5r0TFbRiJ6JTlaQIweKAT/PySide6/Qt/qml/QtQuick/Controls/FluentWinUI3/dark/images/checkbox-indicator-disabled@2x.png
/opt/data/home/.cache/uv/archive-v0/5r0TFbRiJ6JTlaQIweKAT/PySide6/Qt/qml/QtQuick/Controls/FluentWinUI3/dark/images/spinbox-indicator-down-icon-disabled.png
/opt/data/home/.cache/uv/archive-v0/5r0TFbRiJ6JTlaQIweKAT/PySide6/Qt/qml/QtQuick/Controls/FluentWinUI3/dark/images/editablecombobox-indicator-open-pressed@3x.png
/opt/data/home/.cache/uv/archive-v0/5r0TFbRiJ6JTlaQIweKAT/PySide6/Qt/qml/QtQuick/Controls/FluentWinUI3/dark/images/rangeslider-first-handle-disabled@3x.png
/opt/data/home/.cache/uv/archive-v0/5r0TFbRiJ6JTlaQIweKAT/PySide6/Qt/qml/QtQuick/Controls/FluentWinUI3/dark/images/combobox-indicator-disabled@3x.png
/opt/data/home/.cache/uv/archive-v0/5r0TFbRiJ6JTlaQIweKAT/PySide6/Qt/qml/QtQuick/Controls/FluentWinUI3/dark/images/spinbox-indicator-down-background-down-hovered.png
/opt/data/home/.cache/uv/archive-v0/5r0TFbRiJ6JTlaQIweKAT/PySide6/Qt/qml/QtQuick/Controls/FluentWinUI3/dark/images/spinbox-indicator-down-icon-down-hovered.png
/opt/data/home/.cache/uv/archive-v0/5r0TFbRiJ6JTlaQIweKAT/PySide6/Qt/qml/QtQuick/Controls/FluentWinUI3/dark/images/spinbox-background-down-hovered@3x.png
/opt/data/home/.cache/uv/archive-v0/5r0TFbRiJ6JTlaQIweKAT/PySide6/Qt/qml/QtQuick/Controls/FluentWinUI3/dark/images/textarea-background.png
/opt/data/home/.cache/uv/archive-v0/5r0TFbRiJ6JTlaQIweKAT/PySide6/Qt/qml/QtQuick/Controls/FluentWinUI3/dark/images/combobox-background-hovered-open.png
/opt/data/home/.cache/uv/archive-v0/5r0TFbRiJ6JTlaQIweKAT/PySide6/Qt/qml/QtQuick/Controls/FluentWinUI3/dark/images/spinbox-indicator-down-background-down-pressed.png
/opt/data/home/.cache/uv/archive-v0/5r0TFbRiJ6JTlaQIweKAT/PySide6/Qt/qml/QtQuick/Controls/FluentWinUI3/dark/images/combobox-indicator-pressed@2x.png
/opt/data/home/.cache/uv/archive-v0/5r0TFbRiJ6JTlaQIweKAT/PySide6/Qt/qml/QtQuick/Controls/FluentWinUI3/dark/images/textfield-background-focused@3x.png
/opt/data/home/.cache/uv/archive-v0/5r0TFbRiJ6JTlaQIweKAT/PySide6/Qt/qml/QtQuick/Controls/FluentWinUI3/dark/images/itemdelegate-background-highlighted-hovered@2x.png
/opt/data/home/.cache/uv/archive-v0/5r0TFbRiJ6JTlaQIweKAT/PySide6/Qt/qml/QtQuick/Controls/FluentWinUI3/dark/images/checkbox-indicator-checked-pressed.png
/opt/data/home/.cache/uv/archive-v0/5r0TFbRiJ6JTlaQIweKAT/PySide6/Qt/qml/QtQuick/Controls/FluentWinUI3/dark/images/checkbox-indicator@3x.png
/opt/data/home/.cache/uv/archive-v0/5r0TFbRiJ6JTlaQIweKAT/PySide6/Qt/qml/QtQuick/Controls/FluentWinUI3/dark/images/checkbox-indicator-pressed@3x.png
/opt/data/home/.cache/uv/archive-v0/5r0TFbRiJ6JTlaQIweKAT/PySide6/Qt/qml/QtQuick/Controls/FluentWinUI3/dark/images/itemdelegate-background-highlighted-pressed@2x.png
/opt/data/home/.cache/uv/archive-v0/5r0TFbRiJ6JTlaQIweKAT/PySide6/Qt/qml/QtQuick/Controls/FluentWinUI3/dark/images/spinbox-indicator-up-icon-up-pressed@2x.png
/opt/data/home/.cache/uv/archive-v0/5r0TFbRiJ6JTlaQIweKAT/PySide6/Qt/qml/QtQuick/Controls/FluentWinUI3/icons/close_big@3x.png
/opt/data/home/.cache/uv/archive-v0/5r0TFbRiJ6JTlaQIweKAT/PySide6/Qt/qml/QtQuick/Controls/FluentWinUI3/icons/search-magnifier@3x.png
/opt/data/home/.cache/uv/archive-v0/5r0TFbRiJ6JTlaQIweKAT/PySide6/Qt/qml/QtQuick/Controls/FluentWinUI3/icons/checkmark@3x.png
/opt/data/home/.cache/uv/archive-v0/5r0TFbRiJ6JTlaQIweKAT/PySide6/Qt/qml/QtQuick/Controls/FluentWinUI3/icons/close_big.png
/opt/data/home/.cache/uv/archive-v0/5r0TFbRiJ6JTlaQIweKAT/PySide6/Qt/qml/QtQuick/Controls/FluentWinUI3/icons/checkmark.png
/opt/data/home/.cache/uv/archive-v0/5r0TFbRiJ6JTlaQIweKAT/PySide6/Qt/qml/QtQuick/Controls/FluentWinUI3/icons/menuarrow@2x.png
/opt/data/home/.cache/uv/archive-v0/5r0TFbRiJ6JTlaQIweKAT/PySide6/Qt/qml/QtQuick/Controls/FluentWinUI3/icons/checkmark@2x.png
/opt/data/home/.cache/uv/archive-v0/5r0TFbRiJ6JTlaQIweKAT/PySide6/Qt/qml/QtQuick/Controls/FluentWinUI3/icons/close_big@2x.png
/opt/data/home/.cache/uv/archive-v0/5r0TFbRiJ6JTlaQIweKAT/PySide6/Qt/qml/QtQuick/Controls/FluentWinUI3/icons/search-magnifier.png
/opt/data/home/.cache/uv/archive-v0/5r0TFbRiJ6JTlaQIweKAT/PySide6/Qt/qml/QtQuick/Controls/FluentWinUI3/icons/menuarrow.png
/opt/data/home/.cache/uv/archive-v0/5r0TFbRiJ6JTlaQIweKAT/PySide6/Qt/qml/QtQuick/Controls/FluentWinUI3/icons/search-magnifier@2x.png
/opt/data/home/.cache/uv/archive-v0/5r0TFbRiJ6JTlaQIweKAT/PySide6/Qt/qml/QtQuick/Controls/FluentWinUI3/icons/menuarrow@3x.png
/opt/data/home/.cache/uv/archive-v0/5r0TFbRiJ6JTlaQIweKAT/PySide6/Qt/qml/QtQuick/Controls/FluentWinUI3/light/images/spinbox-indicator-down-icon-hovered@3x.png
/opt/data/home/.cache/uv/archive-v0/5r0TFbRiJ6JTlaQIweKAT/PySide6/Qt/qml/QtQuick/Controls/FluentWinUI3/light/images/popup-background.png
/opt/data/home/.cache/uv/archive-v0/5r0TFbRiJ6JTlaQIweKAT/PySide6/Qt/qml/QtQuick/Controls/FluentWinUI3/light/images/checkbox-indicator-hovered@3x.png
/opt/data/home/.cache/uv/archive-v0/5r0TFbRiJ6JTlaQIweKAT/PySide6/Qt/qml/QtQuick/Controls/FluentWinUI3/light/images/spinbox-indicator-down-background-up-hovered.png
/opt/data/home/.cache/uv/archive-v0/5r0TFbRiJ6JTlaQIweKAT/PySide6/Qt/qml/QtQuick/Controls/FluentWinUI3/light/images/radiobutton-indicator@3x.png
/opt/data/home/.cache/uv/archive-v0/5r0TFbRiJ6JTlaQIweKAT/PySide6/Qt/qml/QtQuick/Controls/FluentWinUI3/light/images/combobox-background@2x.png
/opt/data/home/.cache/uv/archive-v0/5r0TFbRiJ6JTlaQIweKAT/PySide6/Qt/qml/QtQuick/Controls/FluentWinUI3/light/images/itemdelegate-background-highlighted-hovered@3x.png
/opt/data/home/.cache/uv/archive-v0/5r0TFbRiJ6JTlaQIweKAT/PySide6/Qt/qml/QtQuick/Controls/FluentWinUI3/light/images/editablecombobox-background-open-pressed@3x.png
/opt/data/home/.cache/uv/archive-v0/5r0TFbRiJ6JTlaQIweKAT/PySide6/Qt/qml/QtQuick/Controls/FluentWinUI3/light/images/rangeslider-groove@3x.png
/opt/data/home/.cache/uv/archive-v0/5r0TFbRiJ6JTlaQIweKAT/PySide6/Qt/qml/QtQuick/Controls/FluentWinUI3/light/images/spinbox-indicator-up-icon@2x.png
/opt/data/home/.cache/uv/archive-v0/5r0TFbRiJ6JTlaQIweKAT/PySide6/Qt/qml/QtQuick/Controls/FluentWinUI3/light/images/spinbox-indicator-up-icon-hovered.png
/opt/data/home/.cache/uv/archive-v0/5r0TFbRiJ6JTlaQIweKAT/PySide6/Qt/qml/QtQuick/Controls/FluentWinUI3/light/images/spinbox-background@2x.png
/opt/data/home/.cache/uv/archive-v0/5r0TFbRiJ6JTlaQIweKAT/PySide6/Qt/qml/QtQuick/Controls/FluentWinUI3/light/images/spinbox-indicator-down-background-disabled@2x.png
/opt/data/home/.cache/uv/archive-v0/5r0TFbRiJ6JTlaQIweKAT/PySide6/Qt/qml/QtQuick/Controls/FluentWinUI3/light/images/spinbox-indicator-up-icon-down-hovered@3x.png
/opt/data/home/.cache/uv/archive-v0/5r0TFbRiJ6JTlaQIweKAT/PySide6/Qt/qml/QtQuick/Controls/FluentWinUI3/light/images/rangeslider-first-handle@2x.png
/opt/data/home/.cache/uv/archive-v0/5r0TFbRiJ6JTlaQIweKAT/PySide6/Qt/qml/QtQuick/Controls/FluentWinUI3/light/images/textarea-background-disabled@2x.png
/opt/data/home/.cache/uv/archive-v0/5r0TFbRiJ6JTlaQIweKAT/PySide6/Qt/qml/QtQuick/Controls/FluentWinUI3/light/images/itemdelegate-background-highlighted.png
/opt/data/home/.cache/uv/archive-v0/5r0TFbRiJ6JTlaQIweKAT/PySide6/Qt/qml/QtQuick/Controls/FluentWinUI3/light/images/radiobutton-indicator-checked-hovered@2x.png
/opt/data/home/.cache/uv/archive-v0/5r0TFbRiJ6JTlaQIweKAT/PySide6/Qt/qml/QtQuick/Controls/FluentWinUI3/light/images/spinbox-indicator-up-background-atlimit.png
/opt/data/home/.cache/uv/archive-v0/5r0TFbRiJ6JTlaQIweKAT/PySide6/Qt/qml/QtQuick/Controls/FluentWinUI3/light/images/rangeslider-groove-handle-pressed@2x.png
/opt/data/home/.cache/uv/archive-v0/5r0TFbRiJ6JTlaQIweKAT/PySide6/Qt/qml/QtQuick/Controls/FluentWinUI3/light/images/combobox-background-hovered-open@3x.png
/opt/data/home/.cache/uv/archive-v0/5r0TFbRiJ6JTlaQIweKAT/PySide6/Qt/qml/QtQuick/Controls/FluentWinUI3/light/images/checkbox-indicator-checked@2x.png
/opt/data/home/.cache/uv/archive-v0/5r0TFbRiJ6JTlaQIweKAT/PySide6/Qt/qml/QtQuick/Controls/FluentWinUI3/light/images/spinbox-indicator-down-icon@3x.png
/opt/data/home/.cache/uv/archive-v0/5r0TFbRiJ6JTlaQIweKAT/PySide6/Qt/qml/QtQuick/Controls/FluentWinUI3/light/images/spinbox-indicator-up-icon-up-hovered.png
/opt/data/home/.cache/uv/archive-v0/5r0TFbRiJ6JTlaQIweKAT/PySide6/Qt/qml/QtQuick/Controls/FluentWinUI3/light/images/frame-background@3x.png
/opt/data/home/.cache/uv/archive-v0/5r0TFbRiJ6JTlaQIweKAT/PySide6/Qt/qml/QtQuick/Controls/FluentWinUI3/light/images/pageindicatordelegate-indicator-delegate-pressed.png
/opt/data/home/.cache/uv/archive-v0/5r0TFbRiJ6JTlaQIweKAT/PySide6/Qt/qml/QtQuick/Controls/FluentWinUI3/light/images/rangeslider-second-handle-hovered.png
/opt/data/home/.cache/uv/archive-v0/5r0TFbRiJ6JTlaQIweKAT/PySide6/Qt/qml/QtQuick/Controls/FluentWinUI3/light/images/spinbox-indicator-up-background-down-pressed.png
/opt/data/home/.cache/uv/archive-v0/5r0TFbRiJ6JTlaQIweKAT/PySide6/Qt/qml/QtQuick/Controls/FluentWinUI3/light/images/spinbox-indicator-up-icon-down-pressed@3x.png
/opt/data/home/.cache/uv/archive-v0/5r0TFbRiJ6JTlaQIweKAT/PySide6/Qt/qml/QtQuick/Controls/FluentWinUI3/light/images/spinbox-indicator-up-background-up-hovered@3x.png
/opt/data/home/.cache/uv/archive-v0/5r0TFbRiJ6JTlaQIweKAT/PySide6/Qt/qml/QtQuick/Controls/FluentWinUI3/light/images/rangeslider-second-handle-handle-pressed@2x.png
/opt/data/home/.cache/uv/archive-v0/5r0TFbRiJ6JTlaQIweKAT/PySide6/Qt/qml/QtQuick/Controls/FluentWinUI3/light/images/spinbox-indicator-down-background-up-pressed@2x.png
/opt/data/home/.cache/uv/archive-v0/5r0TFbRiJ6JTlaQIweKAT/PySide6/Qt/qml/QtQuick/Controls/FluentWinUI3/light/images/spinbox-background-hovered@2x.png
/opt/data/home/.cache/uv/archive-v0/5r0TFbRiJ6JTlaQIweKAT/PySide6/Qt/qml/QtQuick/Controls/FluentWinUI3/light/images/checkbox-indicator-disabled-partiallyChecked@2x.png
/opt/data/home/.cache/uv/archive-v0/5r0TFbRiJ6JTlaQIweKAT/PySide6/Qt/qml/QtQuick/Controls/FluentWinUI3/light/images/spinbox-background-up-pressed@2x.png
/opt/data/home/.cache/uv/archive-v0/5r0TFbRiJ6JTlaQIweKAT/PySide6/Qt/qml/QtQuick/Controls/FluentWinUI3/light/images/radiobutton-indicator-hovered.png
/opt/data/home/.cache/uv/archive-v0/5r0TFbRiJ6JTlaQIweKAT/PySide6/Qt/qml/QtQuick/Controls/FluentWinUI3/light/images/combobox-indicator-disabled@2x.png
/opt/data/home/.cache/uv/archive-v0/5r0TFbRiJ6JTlaQIweKAT/PySide6/Qt/qml/QtQuick/Controls/FluentWinUI3/light/images/spinbox-indicator-down-icon-up-hovered.png
/opt/data/home/.cache/uv/archive-v0/5r0TFbRiJ6JTlaQIweKAT/PySide6/Qt/qml/QtQuick/Controls/FluentWinUI3/light/images/slider-groove@2x.png
/opt/data/home/.cache/uv/archive-v0/5r0TFbRiJ6JTlaQIweKAT/PySide6/Qt/qml/QtQuick/Controls/FluentWinUI3/light/images/pageindicatordelegate-indicator@3x.png
/opt/data/home/.cache/uv/archive-v0/5r0TFbRiJ6JTlaQIweKAT/PySide6/Qt/qml/QtQuick/Controls/FluentWinUI3/light/images/spinbox-background-down-pressed.png
/opt/data/home/.cache/uv/archive-v0/5r0TFbRiJ6JTlaQIweKAT/PySide6/Qt/qml/QtQuick/Controls/FluentWinUI3/light/images/combobox-background-pressed@3x.png
/opt/data/home/.cache/uv/archive-v0/5r0TFbRiJ6JTlaQIweKAT/PySide6/Qt/qml/QtQuick/Controls/FluentWinUI3/light/images/checkbox-indicator-disabled@3x.png
/opt/data/home/.cache/uv/archive-v0/5r0TFbRiJ6JTlaQIweKAT/PySide6/Qt/qml/QtQuick/Controls/FluentWinUI3/light/images/combobox-background-open.png
/opt/data/home/.cache/uv/archive-v0/5r0TFbRiJ6JTlaQIweKAT/PySide6/Qt/qml/QtQuick/Controls/FluentWinUI3/light/images/spinbox-indicator-down-icon-down-pressed.png
/opt/data/home/.cache/uv/archive-v0/5r0TFbRiJ6JTlaQIweKAT/PySide6/Qt/qml/QtQuick/Controls/FluentWinUI3/light/images/spinbox-indicator-down-background@2x.png
/opt/data/home/.cache/uv/archive-v0/5r0TFbRiJ6JTlaQIweKAT/PySide6/Qt/qml/QtQuick/Controls/FluentWinUI3/light/images/slider-groove-disabled@3x.png
/opt/data/home/.cache/uv/archive-v0/5r0TFbRiJ6JTlaQIweKAT/PySide6/Qt/qml/QtQuick/Controls/FluentWinUI3/light/images/spinbox-indicator-down-icon-up-hovered@2x.png
/opt/data/home/.cache/uv/archive-v0/5r0TFbRiJ6JTlaQIweKAT/PySide6/Qt/qml/QtQuick/Controls/FluentWinUI3/light/images/radiobutton-indicator-checked@2x.png
/opt/data/home/.cache/uv/archive-v0/5r0TFbRiJ6JTlaQIweKAT/PySide6/Qt/qml/QtQuick/Controls/FluentWinUI3/light/images/slider-handle-pressed@3x.png
/opt/data/home/.cache/uv/archive-v0/5r0TFbRiJ6JTlaQIweKAT/PySide6/Qt/qml/QtQuick/Controls/FluentWinUI3/light/images/checkbox-indicator-hovered@2x.png
/opt/data/home/.cache/uv/archive-v0/5r0TFbRiJ6JTlaQIweKAT/PySide6/Qt/qml/QtQuick/Controls/FluentWinUI3/light/images/rangeslider-groove@2x.png
/opt/data/home/.cache/uv/archive-v0/5r0TFbRiJ6JTlaQIweKAT/PySide6/Qt/qml/QtQuick/Controls/FluentWinUI3/light/images/editablecombobox-background-open@2x.png
/opt/data/home/.cache/uv/archive-v0/5r0TFbRiJ6JTlaQIweKAT/PySide6/Qt/qml/QtQuick/Controls/FluentWinUI3/light/images/rangeslider-second-handle-handle-pressed@3x.png
/opt/data/home/.cache/uv/archive-v0/5r0TFbRiJ6JTlaQIweKAT/PySide6/Qt/qml/QtQuick/Controls/FluentWinUI3/light/images/combobox-background-pressed.png
/opt/data/home/.cache/uv/archive-v0/5r0TFbRiJ6JTlaQIweKAT/PySide6/Qt/qml/QtQuick/Controls/FluentWinUI3/light/images/radiobutton-indicator-checked-disabled@2x.png
/opt/data/home/.cache/uv/archive-v0/5r0TFbRiJ6JTlaQIweKAT/PySide6/Qt/qml/QtQuick/Controls/FluentWinUI3/light/images/combobox-indicator-pressed@3x.png
/opt/data/home/.cache/uv/archive-v0/5r0TFbRiJ6JTlaQIweKAT/PySide6/Qt/qml/QtQuick/Controls/FluentWinUI3/light/images/spinbox-indicator-up-icon-down-hovered@2x.png
/opt/data/home/.cache/uv/archive-v0/5r0TFbRiJ6JTlaQIweKAT/PySide6/Qt/qml/QtQuick/Controls/FluentWinUI3/light/images/spinbox-indicator-down-icon-disabled@3x.png
/opt/data/home/.cache/uv/archive-v0/5r0TFbRiJ6JTlaQIweKAT/PySide6/Qt/qml/QtQuick/Controls/FluentWinUI3/light/images/spinbox-background-disabled@2x.png
/opt/data/home/.cache/uv/archive-v0/5r0TFbRiJ6JTlaQIweKAT/PySide6/Qt/qml/QtQuick/Controls/FluentWinUI3/light/images/rangeslider-second-handle-disabled.png
/opt/data/home/.cache/uv/archive-v0/5r0TFbRiJ6JTlaQIweKAT/PySide6/Qt/qml/QtQuick/Controls/FluentWinUI3/light/images/editablecombobox-popup-background-open@2x.png
/opt/data/home/.cache/uv/archive-v0/5r0TFbRiJ6JTlaQIweKAT/PySide6/Qt/qml/QtQuick/Controls/FluentWinUI3/light/images/spinbox-indicator-up-background-down-pressed@2x.png
/opt/data/home/.cache/uv/archive-v0/5r0TFbRiJ6JTlaQIweKAT/PySide6/Qt/qml/QtQuick/Controls/FluentWinUI3/light/images/pageindicatordelegate-indicator-delegate-current.png
/opt/data/home/.cache/uv/archive-v0/5r0TFbRiJ6JTlaQIweKAT/PySide6/Qt/qml/QtQuick/Controls/FluentWinUI3/light/images/editablecombobox-background-open-pressed@2x.png
/opt/data/home/.cache/uv/archive-v0/5r0TFbRiJ6JTlaQIweKAT/PySide6/Qt/qml/QtQuick/Controls/FluentWinUI3/light/images/editablecombobox-popup-background-open-pressed.png
/opt/data/home/.cache/uv/archive-v0/5r0TFbRiJ6JTlaQIweKAT/PySide6/Qt/qml/QtQuick/Controls/FluentWinUI3/light/images/checkbox-indicator-checked@3x.png
/opt/data/home/.cache/uv/archive-v0/5r0TFbRiJ6JTlaQIweKAT/PySide6/Qt/qml/QtQuick/Controls/FluentWinUI3/light/images/radiobutton-indicator-disabled.png
/opt/data/home/.cache/uv/archive-v0/5r0TFbRiJ6JTlaQIweKAT/PySide6/Qt/qml/QtQuick/Controls/FluentWinUI3/light/images/progressbar-groove.png
/opt/data/home/.cache/uv/archive-v0/5r0TFbRiJ6JTlaQIweKAT/PySide6/Qt/qml/QtQuick/Controls/FluentWinUI3/light/images/textfield-background-hovered@3x.png
/opt/data/home/.cache/uv/archive-v0/5r0TFbRiJ6JTlaQIweKAT/PySide6/Qt/qml/QtQuick/Controls/FluentWinUI3/light/images/itemdelegate-background-pressed@3x.png
/opt/data/home/.cache/uv/archive-v0/5r0TFbRiJ6JTlaQIweKAT/PySide6/Qt/qml/QtQuick/Controls/FluentWinUI3/light/images/spinbox-indicator-down-icon-down-hovered@3x.png
/opt/data/home/.cache/uv/archive-v0/5r0TFbRiJ6JTlaQIweKAT/PySide6/Qt/qml/QtQuick/Controls/FluentWinUI3/light/images/textfield-background-focused@2x.png
/opt/data/home/.cache/uv/archive-v0/5r0TFbRiJ6JTlaQIweKAT/PySide6/Qt/qml/QtQuick/Controls/FluentWinUI3/light/images/combobox-indicator-focused.png
/opt/data/home/.cache/uv/archive-v0/5r0TFbRiJ6JTlaQIweKAT/PySide6/Qt/qml/QtQuick/Controls/FluentWinUI3/light/images/radiobutton-indicator-hovered@2x.png
/opt/data/home/.cache/uv/archive-v0/5r0TFbRiJ6JTlaQIweKAT/PySide6/Qt/qml/QtQuick/Controls/FluentWinUI3/light/images/itemdelegate-background-pressed.png
/opt/data/home/.cache/uv/archive-v0/5r0TFbRiJ6JTlaQIweKAT/PySide6/Qt/qml/QtQuick/Controls/FluentWinUI3/light/images/rangeslider-first-handle-disabled.png
/opt/data/home/.cache/uv/archive-v0/5r0TFbRiJ6JTlaQIweKAT/PySide6/Qt/qml/QtQuick/Controls/FluentWinUI3/light/images/editablecombobox-popup-background-open-pressed@2x.png
/opt/data/home/.cache/uv/archive-v0/5r0TFbRiJ6JTlaQIweKAT/PySide6/Qt/qml/QtQuick/Controls/FluentWinUI3/light/images/frame-background.png
/opt/data/home/.cache/uv/archive-v0/5r0TFbRiJ6JTlaQIweKAT/PySide6/Qt/qml/QtQuick/Controls/FluentWinUI3/light/images/checkbox-indicator@2x.png
/opt/data/home/.cache/uv/archive-v0/5r0TFbRiJ6JTlaQIweKAT/PySide6/Qt/qml/QtQuick/Controls/FluentWinUI3/light/images/pageindicatordelegate-indicator.png
/opt/data/home/.cache/uv/archive-v0/5r0TFbRiJ6JTlaQIweKAT/PySide6/Qt/qml/QtQuick/Controls/FluentWinUI3/light/images/pageindicatordelegate-indicator-delegate-current@2x.png
/opt/data/home/.cache/uv/archive-v0/5r0TFbRiJ6JTlaQIweKAT/PySide6/Qt/qml/QtQuick/Controls/FluentWinUI3/light/images/spinbox-indicator-up-icon-down-hovered.png
/opt/data/home/.cache/uv/archive-v0/5r0TFbRiJ6JTlaQIweKAT/PySide6/Qt/qml/QtQuick/Controls/FluentWinUI3/light/images/textfield-background-disabled@3x.png
/opt/data/home/.cache/uv/archive-v0/5r0TFbRiJ6JTlaQIweKAT/PySide6/Qt/qml/QtQuick/Controls/FluentWinUI3/light/images/combobox-background-pressed@2x.png
/opt/data/home/.cache/uv/archive-v0/5r0TFbRiJ6JTlaQIweKAT/PySide6/Qt/qml/QtQuick/Controls/FluentWinUI3/light/images/pageindicatordelegate-indicator@2x.png
/opt/data/home/.cache/uv/archive-v0/5r0TFbRiJ6JTlaQIweKAT/PySide6/Qt/qml/QtQuick/Controls/FluentWinUI3/light/images/combobox-background-hovered@3x.png
/opt/data/home/.cache/uv/archive-v0/5r0TFbRiJ6JTlaQIweKAT/PySide6/Qt/qml/QtQuick/Controls/FluentWinUI3/light/images/checkbox-indicator-checked-disabled@2x.png
/opt/data/home/.cache/uv/archive-v0/5r0TFbRiJ6JTlaQIweKAT/PySide6/Qt/qml/QtQuick/Controls/FluentWinUI3/light/images/rangeslider-groove-disabled.png
/opt/data/home/.cache/uv/archive-v0/5r0TFbRiJ6JTlaQIweKAT/PySide6/Qt/qml/QtQuick/Controls/FluentWinUI3/light/images/slider-groove-disabled.png
/opt/data/home/.cache/uv/archive-v0/5r0TFbRiJ6JTlaQIweKAT/PySide6/Qt/qml/QtQuick/Controls/FluentWinUI3/light/images/spinbox-indicator-up-icon-down-pressed@2x.png
/opt/data/home/.cache/uv/archive-v0/5r0TFbRiJ6JTlaQIweKAT/PySide6/Qt/qml/QtQuick/Controls/FluentWinUI3/light/images/pageindicatordelegate-indicator-hovered@3x.png
/opt/data/home/.cache/uv/archive-v0/5r0TFbRiJ6JTlaQIweKAT/PySide6/Qt/qml/QtQuick/Controls/FluentWinUI3/light/images/spinbox-indicator-down-background-up-pressed@3x.png
/opt/data/home/.cache/uv/archive-v0/5r0TFbRiJ6JTlaQIweKAT/PySide6/Qt/qml/QtQuick/Controls/FluentWinUI3/light/images/pageindicatordelegate-indicator-delegate-current-pressed@3x.png
/opt/data/home/.cache/uv/archive-v0/5r0TFbRiJ6JTlaQIweKAT/PySide6/Qt/qml/QtQuick/Controls/FluentWinUI3/light/images/combobox-indicator-hovered-open@2x.png
/opt/data/home/.cache/uv/archive-v0/5r0TFbRiJ6JTlaQIweKAT/PySide6/Qt/qml/QtQuick/Controls/FluentWinUI3/light/images/spinbox-indicator-down-icon-up-pressed.png
/opt/data/home/.cache/uv/archive-v0/5r0TFbRiJ6JTlaQIweKAT/PySide6/Qt/qml/QtQuick/Controls/FluentWinUI3/light/images/combobox-background-disabled.png
/opt/data/home/.cache/uv/archive-v0/5r0TFbRiJ6JTlaQIweKAT/PySide6/Qt/qml/QtQuick/Controls/FluentWinUI3/light/images/slider-groove-hovered@2x.png
/opt/data/home/.cache/uv/archive-v0/5r0TFbRiJ6JTlaQIweKAT/PySide6/Qt/qml/QtQuick/Controls/FluentWinUI3/light/images/radiobutton-indicator-checked-pressed@3x.png
/opt/data/home/.cache/uv/archive-v0/5r0TFbRiJ6JTlaQIweKAT/PySide6/Qt/qml/QtQuick/Controls/FluentWinUI3/light/images/checkbox-indicator-checked-hovered@3x.png
/opt/data/home/.cache/uv/archive-v0/5r0TFbRiJ6JTlaQIweKAT/PySide6/Qt/qml/QtQuick/Controls/FluentWinUI3/light/images/radiobutton-indicator-checked-pressed.png
/opt/data/home/.cache/uv/archive-v0/5r0TFbRiJ6JTlaQIweKAT/PySide6/Qt/qml/QtQuick/Controls/FluentWinUI3/light/images/combobox-indicator-open-pressed@3x.png
/opt/data/home/.cache/uv/archive-v0/5r0TFbRiJ6JTlaQIweKAT/PySide6/Qt/qml/QtQuick/Controls/FluentWinUI3/light/images/editablecombobox-indicator-open-pressed@2x.png
/opt/data/home/.cache/uv/archive-v0/5r0TFbRiJ6JTlaQIweKAT/PySide6/Qt/qml/QtQuick/Controls/FluentWinUI3/light/images/checkbox-indicator-checked-pressed@3x.png
/opt/data/home/.cache/uv/archive-v0/5r0TFbRiJ6JTlaQIweKAT/PySide6/Qt/qml/QtQuick/Controls/FluentWinUI3/light/images/spinbox-indicator-up-background-hovered@3x.png
/opt/data/home/.cache/uv/archive-v0/5r0TFbRiJ6JTlaQIweKAT/PySide6/Qt/qml/QtQuick/Controls/FluentWinUI3/light/images/rangeslider-second-handle-handle-pressed.png
/opt/data/home/.cache/uv/archive-v0/5r0TFbRiJ6JTlaQIweKAT/PySide6/Qt/qml/QtQuick/Controls/FluentWinUI3/light/images/spinbox-background-atlimit@3x.png
/opt/data/home/.cache/uv/archive-v0/5r0TFbRiJ6JTlaQIweKAT/PySide6/Qt/qml/QtQuick/Controls/FluentWinUI3/light/images/spinbox-background-down-hovered.png
/opt/data/home/.cache/uv/archive-v0/5r0TFbRiJ6JTlaQIweKAT/PySide6/Qt/qml/QtQuick/Controls/FluentWinUI3/light/images/combobox-background-open-pressed.png
/opt/data/home/.cache/uv/archive-v0/5r0TFbRiJ6JTlaQIweKAT/PySide6/Qt/qml/QtQuick/Controls/FluentWinUI3/light/images/editablecombobox-indicator-hovered-open@2x.png
/opt/data/home/.cache/uv/archive-v0/5r0TFbRiJ6JTlaQIweKAT/PySide6/Qt/qml/QtQuick/Controls/FluentWinUI3/light/images/combobox-background-hovered-open@2x.png
/opt/data/home/.cache/uv/archive-v0/5r0TFbRiJ6JTlaQIweKAT/PySide6/Qt/qml/QtQuick/Controls/FluentWinUI3/light/images/spinbox-indicator-up-background@2x.png
/opt/data/home/.cache/uv/archive-v0/5r0TFbRiJ6JTlaQIweKAT/PySide6/Qt/qml/QtQuick/Controls/FluentWinUI3/light/images/checkbox-indicator-disabled-partiallyChecked@3x.png
/opt/data/home/.cache/uv/archive-v0/5r0TFbRiJ6JTlaQIweKAT/PySide6/Qt/qml/QtQuick/Controls/FluentWinUI3/light/images/spinbox-indicator-down-background-hovered@2x.png
/opt/data/home/.cache/uv/archive-v0/5r0TFbRiJ6JTlaQIweKAT/PySide6/Qt/qml/QtQuick/Controls/FluentWinUI3/light/images/spinbox-indicator-down-background-atlimit@3x.png
/opt/data/home/.cache/uv/archive-v0/5r0TFbRiJ6JTlaQIweKAT/PySide6/Qt/qml/QtQuick/Controls/FluentWinUI3/light/images/rangeslider-first-handle-hovered.png
/opt/data/home/.cache/uv/archive-v0/5r0TFbRiJ6JTlaQIweKAT/PySide6/Qt/qml/QtQuick/Controls/FluentWinUI3/light/images/editablecombobox-popup-background-open@3x.png
/opt/data/home/.cache/uv/archive-v0/5r0TFbRiJ6JTlaQIweKAT/PySide6/Qt/qml/QtQuick/Controls/FluentWinUI3/light/images/spinbox-indicator-down-background-atlimit@2x.png
/opt/data/home/.cache/uv/archive-v0/5r0TFbRiJ6JTlaQIweKAT/PySide6/Qt/qml/QtQuick/Controls/FluentWinUI3/light/images/rangeslider-second-handle-hovered@3x.png
/opt/data/home/.cache/uv/archive-v0/5r0TFbRiJ6JTlaQIweKAT/PySide6/Qt/qml/QtQuick/Controls/FluentWinUI3/light/images/spinbox-indicator-down-icon-hovered.png
/opt/data/home/.cache/uv/archive-v0/5r0TFbRiJ6JTlaQIweKAT/PySide6/Qt/qml/QtQuick/Controls/FluentWinUI3/light/images/editablecombobox-indicator-hovered-open@3x.png
/opt/data/home/.cache/uv/archive-v0/5r0TFbRiJ6JTlaQIweKAT/PySide6/Qt/qml/QtQuick/Controls/FluentWinUI3/light/images/rangeslider-second-handle@2x.png
/opt/data/home/.cache/uv/archive-v0/5r0TFbRiJ6JTlaQIweKAT/PySide6/Qt/qml/QtQuick/Controls/FluentWinUI3/light/images/pageindicatordelegate-indicator-delegate-current-pressed@2x.png
/opt/data/home/.cache/uv/archive-v0/5r0TFbRiJ6JTlaQIweKAT/PySide6/Qt/qml/QtQuick/Controls/FluentWinUI3/light/images/spinbox-indicator-down-icon-atlimit@3x.png
/opt/data/home/.cache/uv/archive-v0/5r0TFbRiJ6JTlaQIweKAT/PySide6/Qt/qml/QtQuick/Controls/FluentWinUI3/light/images/itemdelegate-background-pressed@2x.png
/opt/data/home/.cache/uv/archive-v0/5r0TFbRiJ6JTlaQIweKAT/PySide6/Qt/qml/QtQuick/Controls/FluentWinUI3/light/images/spinbox-indicator-up-icon-atlimit@2x.png
/opt/data/home/.cache/uv/archive-v0/5r0TFbRiJ6JTlaQIweKAT/PySide6/Qt/qml/QtQuick/Controls/FluentWinUI3/light/images/spinbox-indicator-up-background@3x.png
/opt/data/home/.cache/uv/archive-v0/5r0TFbRiJ6JTlaQIweKAT/PySide6/Qt/qml/QtQuick/Controls/FluentWinUI3/light/images/rangeslider-second-handle-disabled@3x.png
/opt/data/home/.cache/uv/archive-v0/5r0TFbRiJ6JTlaQIweKAT/PySide6/Qt/qml/QtQuick/Controls/FluentWinUI3/light/images/spinbox-indicator-down-icon.png
/opt/data/home/.cache/uv/archive-v0/5r0TFbRiJ6JTlaQIweKAT/PySide6/Qt/qml/QtQuick/Controls/FluentWinUI3/light/images/spinbox-indicator-up-background-up-pressed@2x.png
/opt/data/home/.cache/uv/archive-v0/5r0TFbRiJ6JTlaQIweKAT/PySide6/Qt/qml/QtQuick/Controls/FluentWinUI3/light/images/combobox-indicator-focused@3x.png
/opt/data/home/.cache/uv/archive-v0/5r0TFbRiJ6JTlaQIweKAT/PySide6/Qt/qml/QtQuick/Controls/FluentWinUI3/light/images/slider-handle-disabled.png
/opt/data/home/.cache/uv/archive-v0/5r0TFbRiJ6JTlaQIweKAT/PySide6/Qt/qml/QtQuick/Controls/FluentWinUI3/light/images/checkbox-indicator-hovered-partiallyChecked@2x.png
/opt/data/home/.cache/uv/archive-v0/5r0TFbRiJ6JTlaQIweKAT/PySide6/Qt/qml/QtQuick/Controls/FluentWinUI3/light/images/spinbox-indicator-down-background-down-hovered@3x.png
/opt/data/home/.cache/uv/archive-v0/5r0TFbRiJ6JTlaQIweKAT/PySide6/Qt/qml/QtQuick/Controls/FluentWinUI3/light/images/combobox-background-focused@3x.png
/opt/data/home/.cache/uv/archive-v0/5r0TFbRiJ6JTlaQIweKAT/PySide6/Qt/qml/QtQuick/Controls/FluentWinUI3/light/images/frame-background-disabled@3x.png
/opt/data/home/.cache/uv/archive-v0/5r0TFbRiJ6JTlaQIweKAT/PySide6/Qt/qml/QtQuick/Controls/FluentWinUI3/light/images/editablecombobox-popup-background-open.png
/opt/data/home/.cache/uv/archive-v0/5r0TFbRiJ6JTlaQIweKAT/PySide6/Qt/qml/QtQuick/Controls/FluentWinUI3/light/images/combobox-indicator-focused@2x.png
/opt/data/home/.cache/uv/archive-v0/5r0TFbRiJ6JTlaQIweKAT/PySide6/Qt/qml/QtQuick/Controls/FluentWinUI3/light/images/radiobutton-indicator-checked-disabled@3x.png
/opt/data/home/.cache/uv/archive-v0/5r0TFbRiJ6JTlaQIweKAT/PySide6/Qt/qml/QtQuick/Controls/FluentWinUI3/light/images/rangeslider-first-handle.png
/opt/data/home/.cache/uv/archive-v0/5r0TFbRiJ6JTlaQIweKAT/PySide6/Qt/qml/QtQuick/Controls/FluentWinUI3/light/images/combobox-background@3x.png
/opt/data/home/.cache/uv/archive-v0/5r0TFbRiJ6JTlaQIweKAT/PySide6/Qt/qml/QtQuick/Controls/FluentWinUI3/light/images/frame-background@2x.png
/opt/data/home/.cache/uv/archive-v0/5r0TFbRiJ6JTlaQIweKAT/PySide6/Qt/qml/QtQuick/Controls/FluentWinUI3/light/images/textarea-background-hovered@3x.png
/opt/data/home/.cache/uv/archive-v0/5r0TFbRiJ6JTlaQIweKAT/PySide6/Qt/qml/QtQuick/Controls/FluentWinUI3/light/images/spinbox-indicator-up-background-atlimit@2x.png
/opt/data/home/.cache/uv/archive-v0/5r0TFbRiJ6JTlaQIweKAT/PySide6/Qt/qml/QtQuick/Controls/FluentWinUI3/light/images/spinbox-indicator-up-background-up-hovered.png
/opt/data/home/.cache/uv/archive-v0/5r0TFbRiJ6JTlaQIweKAT/PySide6/Qt/qml/QtQuick/Controls/FluentWinUI3/light/images/rangeslider-groove-hovered@3x.png
/opt/data/home/.cache/uv/archive-v0/5r0TFbRiJ6JTlaQIweKAT/PySide6/Qt/qml/QtQuick/Controls/FluentWinUI3/light/images/checkbox-indicator.png
/opt/data/home/.cache/uv/archive-v0/5r0TFbRiJ6JTlaQIweKAT/PySide6/Qt/qml/QtQuick/Controls/FluentWinUI3/light/images/spinbox-indicator-up-icon-disabled.png
/opt/data/home/.cache/uv/archive-v0/5r0TFbRiJ6JTlaQIweKAT/PySide6/Qt/qml/QtQuick/Controls/FluentWinUI3/light/images/spinbox-indicator-down-icon-disabled@2x.png
/opt/data/home/.cache/uv/archive-v0/5r0TFbRiJ6JTlaQIweKAT/PySide6/Qt/qml/QtQuick/Controls/FluentWinUI3/light/images/checkbox-indicator-disabled.png
/opt/data/home/.cache/uv/archive-v0/5r0TFbRiJ6JTlaQIweKAT/PySide6/Qt/qml/QtQuick/Controls/FluentWinUI3/light/images/checkbox-indicator-partiallyChecked.png
/opt/data/home/.cache/uv/archive-v0/5r0TFbRiJ6JTlaQIweKAT/PySide6/Qt/qml/QtQuick/Controls/FluentWinUI3/light/images/spinbox-indicator-down-background-up-hovered@3x.png
/opt/data/home/.cache/uv/archive-v0/5r0TFbRiJ6JTlaQIweKAT/PySide6/Qt/qml/QtQuick/Controls/FluentWinUI3/light/images/editablecombobox-indicator-open@3x.png
/opt/data/home/.cache/uv/archive-v0/5r0TFbRiJ6JTlaQIweKAT/PySide6/Qt/qml/QtQuick/Controls/FluentWinUI3/light/images/itemdelegate-background-hovered@2x.png
/opt/data/home/.cache/uv/archive-v0/5r0TFbRiJ6JTlaQIweKAT/PySide6/Qt/qml/QtQuick/Controls/FluentWinUI3/light/images/checkbox-indicator-partiallyChecked@3x.png
/opt/data/home/.cache/uv/archive-v0/5r0TFbRiJ6JTlaQIweKAT/PySide6/Qt/qml/QtQuick/Controls/FluentWinUI3/light/images/spinbox-indicator-up-background-down-hovered.png
/opt/data/home/.cache/uv/archive-v0/5r0TFbRiJ6JTlaQIweKAT/PySide6/Qt/qml/QtQuick/Controls/FluentWinUI3/light/images/combobox-background.png
/opt/data/home/.cache/uv/archive-v0/5r0TFbRiJ6JTlaQIweKAT/PySide6/Qt/qml/QtQuick/Controls/FluentWinUI3/light/images/progressbar-groove@2x.png
/opt/data/home/.cache/uv/archive-v0/5r0TFbRiJ6JTlaQIweKAT/PySide6/Qt/qml/QtQuick/Controls/FluentWinUI3/light/images/textfield-background.png
/opt/data/home/.cache/uv/archive-v0/5r0TFbRiJ6JTlaQIweKAT/PySide6/Qt/qml/QtQuick/Controls/FluentWinUI3/light/images/checkbox-indicator-partiallyChecked-pressed@2x.png
/opt/data/home/.cache/uv/archive-v0/5r0TFbRiJ6JTlaQIweKAT/PySide6/Qt/qml/QtQuick/Controls/FluentWinUI3/light/images/itemdelegate-background-highlighted-hovered.png
/opt/data/home/.cache/uv/archive-v0/5r0TFbRiJ6JTlaQIweKAT/PySide6/Qt/qml/QtQuick/Controls/FluentWinUI3/light/images/combobox-indicator-open@3x.png
/opt/data/home/.cache/uv/archive-v0/5r0TFbRiJ6JTlaQIweKAT/PySide6/Qt/qml/QtQuick/Controls/FluentWinUI3/light/images/textfield-background-hovered@2x.png
/opt/data/home/.cache/uv/archive-v0/5r0TFbRiJ6JTlaQIweKAT/PySide6/Qt/qml/QtQuick/Controls/FluentWinUI3/light/images/editablecombobox-background-open.png
/opt/data/home/.cache/uv/archive-v0/5r0TFbRiJ6JTlaQIweKAT/PySide6/Qt/qml/QtQuick/Controls/FluentWinUI3/light/images/combobox-indicator-hovered-open@3x.png
/opt/data/home/.cache/uv/archive-v0/5r0TFbRiJ6JTlaQIweKAT/PySide6/Qt/qml/QtQuick/Controls/FluentWinUI3/light/images/spinbox-background-disabled.png
/opt/data/home/.cache/uv/archive-v0/5r0TFbRiJ6JTlaQIweKAT/PySide6/Qt/qml/QtQuick/Controls/FluentWinUI3/light/images/pageindicatordelegate-indicator-delegate-current-hovered@3x.png
/opt/data/home/.cache/uv/archive-v0/5r0TFbRiJ6JTlaQIweKAT/PySide6/Qt/qml/QtQuick/Controls/FluentWinUI3/light/images/combobox-background-focused@2x.png
/opt/data/home/.cache/uv/archive-v0/5r0TFbRiJ6JTlaQIweKAT/PySide6/Qt/qml/QtQuick/Controls/FluentWinUI3/light/images/pageindicatordelegate-indicator-delegate-current-pressed.png
/opt/data/home/.cache/uv/archive-v0/5r0TFbRiJ6JTlaQIweKAT/PySide6/Qt/qml/QtQuick/Controls/FluentWinUI3/light/images/radiobutton-indicator-disabled@2x.png
/opt/data/home/.cache/uv/archive-v0/5r0TFbRiJ6JTlaQIweKAT/PySide6/Qt/qml/QtQuick/Controls/FluentWinUI3/light/images/rangeslider-groove-handle-pressed@3x.png
/opt/data/home/.cache/uv/archive-v0/5r0TFbRiJ6JTlaQIweKAT/PySide6/Qt/qml/QtQuick/Controls/FluentWinUI3/light/images/spinbox-indicator-down-icon@2x.png
/opt/data/home/.cache/uv/archive-v0/5r0TFbRiJ6JTlaQIweKAT/PySide6/Qt/qml/QtQuick/Controls/FluentWinUI3/light/images/spinbox-indicator-down-icon-down-hovered@2x.png
/opt/data/home/.cache/uv/archive-v0/5r0TFbRiJ6JTlaQIweKAT/PySide6/Qt/qml/QtQuick/Controls/FluentWinUI3/light/images/spinbox-background-hovered.png
/opt/data/home/.cache/uv/archive-v0/5r0TFbRiJ6JTlaQIweKAT/PySide6/Qt/qml/QtQuick/Controls/FluentWinUI3/light/images/textarea-background-focused@3x.png
/opt/data/home/.cache/uv/archive-v0/5r0TFbRiJ6JTlaQIweKAT/PySide6/Qt/qml/QtQuick/Controls/FluentWinUI3/light/images/radiobutton-indicator-checked-hovered@3x.png
/opt/data/home/.cache/uv/archive-v0/5r0TFbRiJ6JTlaQIweKAT/PySide6/Qt/qml/QtQuick/Controls/FluentWinUI3/light/images/itemdelegate-background-highlighted@2x.png
/opt/data/home/.cache/uv/archive-v0/5r0TFbRiJ6JTlaQIweKAT/PySide6/Qt/qml/QtQuick/Controls/FluentWinUI3/light/images/spinbox-indicator-down-icon-up-pressed@2x.png
/opt/data/home/.cache/uv/archive-v0/5r0TFbRiJ6JTlaQIweKAT/PySide6/Qt/qml/QtQuick/Controls/FluentWinUI3/light/images/combobox-indicator-hovered-open.png
/opt/data/home/.cache/uv/archive-v0/5r0TFbRiJ6JTlaQIweKAT/PySide6/Qt/qml/QtQuick/Controls/FluentWinUI3/light/images/slider-handle-pressed@2x.png
/opt/data/home/.cache/uv/archive-v0/5r0TFbRiJ6JTlaQIweKAT/PySide6/Qt/qml/QtQuick/Controls/FluentWinUI3/light/images/spinbox-background-down-hovered@2x.png
/opt/data/home/.cache/uv/archive-v0/5r0TFbRiJ6JTlaQIweKAT/PySide6/Qt/qml/QtQuick/Controls/FluentWinUI3/light/images/spinbox-indicator-up-icon-disabled@3x.png
/opt/data/home/.cache/uv/archive-v0/5r0TFbRiJ6JTlaQIweKAT/PySide6/Qt/qml/QtQuick/Controls/FluentWinUI3/light/images/editablecombobox-popup-background-hovered-open@2x.png
/opt/data/home/.cache/uv/archive-v0/5r0TFbRiJ6JTlaQIweKAT/PySide6/Qt/qml/QtQuick/Controls/FluentWinUI3/light/images/radiobutton-indicator-hovered@3x.png
/opt/data/home/.cache/uv/archive-v0/5r0TFbRiJ6JTlaQIweKAT/PySide6/Qt/qml/QtQuick/Controls/FluentWinUI3/light/images/spinbox-background-atlimit@2x.png
/opt/data/home/.cache/uv/archive-v0/5r0TFbRiJ6JTlaQIweKAT/PySide6/Qt/qml/QtQuick/Controls/FluentWinUI3/light/images/combobox-background-open@2x.png
/opt/data/home/.cache/uv/archive-v0/5r0TFbRiJ6JTlaQIweKAT/PySide6/Qt/qml/QtQuick/Controls/FluentWinUI3/light/images/itemdelegate-background-highlighted-pressed.png
/opt/data/home/.cache/uv/archive-v0/5r0TFbRiJ6JTlaQIweKAT/PySide6/Qt/qml/QtQuick/Controls/FluentWinUI3/light/images/checkbox-indicator-hovered-partiallyChecked.png
/opt/data/home/.cache/uv/archive-v0/5r0TFbRiJ6JTlaQIweKAT/PySide6/Qt/qml/QtQuick/Controls/FluentWinUI3/light/images/combobox-indicator.png
/opt/data/home/.cache/uv/archive-v0/5r0TFbRiJ6JTlaQIweKAT/PySide6/Qt/qml/QtQuick/Controls/FluentWinUI3/light/images/slider-handle-pressed.png
/opt/data/home/.cache/uv/archive-v0/5r0TFbRiJ6JTlaQIweKAT/PySide6/Qt/qml/QtQuick/Controls/FluentWinUI3/light/images/editablecombobox-popup-background-hovered-open.png
/opt/data/home/.cache/uv/archive-v0/5r0TFbRiJ6JTlaQIweKAT/PySide6/Qt/qml/QtQuick/Controls/FluentWinUI3/light/images/rangeslider-first-handle-handle-pressed.png
/opt/data/home/.cache/uv/archive-v0/5r0TFbRiJ6JTlaQIweKAT/PySide6/Qt/qml/QtQuick/Controls/FluentWinUI3/light/images/radiobutton-indicator@2x.png
/opt/data/home/.cache/uv/archive-v0/5r0TFbRiJ6JTlaQIweKAT/PySide6/Qt/qml/QtQuick/Controls/FluentWinUI3/light/images/radiobutton-indicator-checked-hovered.png
/opt/data/home/.cache/uv/archive-v0/5r0TFbRiJ6JTlaQIweKAT/PySide6/Qt/qml/QtQuick/Controls/FluentWinUI3/light/images/spinbox-indicator-up-background.png
/opt/data/home/.cache/uv/archive-v0/5r0TFbRiJ6JTlaQIweKAT/PySide6/Qt/qml/QtQuick/Controls/FluentWinUI3/light/images/combobox-indicator-open@2x.png
/opt/data/home/.cache/uv/archive-v0/5r0TFbRiJ6JTlaQIweKAT/PySide6/Qt/qml/QtQuick/Controls/FluentWinUI3/light/images/spinbox-indicator-up-background-down-hovered@2x.png
/opt/data/home/.cache/uv/archive-v0/5r0TFbRiJ6JTlaQIweKAT/PySide6/Qt/qml/QtQuick/Controls/FluentWinUI3/light/images/spinbox-background-disabled@3x.png
/opt/data/home/.cache/uv/archive-v0/5r0TFbRiJ6JTlaQIweKAT/PySide6/Qt/qml/QtQuick/Controls/FluentWinUI3/light/images/spinbox-indicator-down-background-disabled@3x.png
/opt/data/home/.cache/uv/archive-v0/5r0TFbRiJ6JTlaQIweKAT/PySide6/Qt/qml/QtQuick/Controls/FluentWinUI3/light/images/spinbox-indicator-up-icon-hovered@2x.png
/opt/data/home/.cache/uv/archive-v0/5r0TFbRiJ6JTlaQIweKAT/PySide6/Qt/qml/QtQuick/Controls/FluentWinUI3/light/images/spinbox-indicator-up-icon-atlimit.png
/opt/data/home/.cache/uv/archive-v0/5r0TFbRiJ6JTlaQIweKAT/PySide6/Qt/qml/QtQuick/Controls/FluentWinUI3/light/images/textarea-background-disabled@3x.png
/opt/data/home/.cache/uv/archive-v0/5r0TFbRiJ6JTlaQIweKAT/PySide6/Qt/qml/QtQuick/Controls/FluentWinUI3/light/images/editablecombobox-indicator-hovered-open.png
/opt/data/home/.cache/uv/archive-v0/5r0TFbRiJ6JTlaQIweKAT/PySide6/Qt/qml/QtQuick/Controls/FluentWinUI3/light/images/slider-groove-hovered.png
/opt/data/home/.cache/uv/archive-v0/5r0TFbRiJ6JTlaQIweKAT/PySide6/Qt/qml/QtQuick/Controls/FluentWinUI3/light/images/spinbox-indicator-down-background-down-pressed@2x.png
/opt/data/home/.cache/uv/archive-v0/5r0TFbRiJ6JTlaQIweKAT/PySide6/Qt/qml/QtQuick/Controls/FluentWinUI3/light/images/radiobutton-indicator-checked@3x.png
/opt/data/home/.cache/uv/archive-v0/5r0TFbRiJ6JTlaQIweKAT/PySide6/Qt/qml/QtQuick/Controls/FluentWinUI3/light/images/progressbar-groove@3x.png
/opt/data/home/.cache/uv/archive-v0/5r0TFbRiJ6JTlaQIweKAT/PySide6/Qt/qml/QtQuick/Controls/FluentWinUI3/light/images/editablecombobox-indicator-open-pressed.png
/opt/data/home/.cache/uv/archive-v0/5r0TFbRiJ6JTlaQIweKAT/PySide6/Qt/qml/QtQuick/Controls/FluentWinUI3/light/images/spinbox-indicator-down-icon-up-hovered@3x.png
/opt/data/home/.cache/uv/archive-v0/5r0TFbRiJ6JTlaQIweKAT/PySide6/Qt/qml/QtQuick/Controls/FluentWinUI3/light/images/spinbox-indicator-down-background-up-hovered@2x.png
/opt/data/home/.cache/uv/archive-v0/5r0TFbRiJ6JTlaQIweKAT/PySide6/Qt/qml/QtQuick/Controls/FluentWinUI3/light/images/progressbar-groove-disabled@2x.png
/opt/data/home/.cache/uv/archive-v0/5r0TFbRiJ6JTlaQIweKAT/PySide6/Qt/qml/QtQuick/Controls/FluentWinUI3/light/images/checkbox-indicator-hovered.png
/opt/data/home/.cache/uv/archive-v0/5r0TFbRiJ6JTlaQIweKAT/PySide6/Qt/qml/QtQuick/Controls/FluentWinUI3/light/images/checkbox-indicator-hovered-partiallyChecked@3x.png
/opt/data/home/.cache/uv/archive-v0/5r0TFbRiJ6JTlaQIweKAT/PySide6/Qt/qml/QtQuick/Controls/FluentWinUI3/light/images/combobox-indicator@2x.png
/opt/data/home/.cache/uv/archive-v0/5r0TFbRiJ6JTlaQIweKAT/PySide6/Qt/qml/QtQuick/Controls/FluentWinUI3/light/images/radiobutton-indicator-pressed@3x.png
/opt/data/home/.cache/uv/archive-v0/5r0TFbRiJ6JTlaQIweKAT/PySide6/Qt/qml/QtQuick/Controls/FluentWinUI3/light/images/spinbox-indicator-up-background-down-pressed@3x.png
/opt/data/home/.cache/uv/archive-v0/5r0TFbRiJ6JTlaQIweKAT/PySide6/Qt/qml/QtQuick/Controls/FluentWinUI3/light/images/spinbox-indicator-up-background-disabled.png
/opt/data/home/.cache/uv/archive-v0/5r0TFbRiJ6JTlaQIweKAT/PySide6/Qt/qml/QtQuick/Controls/FluentWinUI3/light/images/spinbox-indicator-down-background@3x.png
/opt/data/home/.cache/uv/archive-v0/5r0TFbRiJ6JTlaQIweKAT/PySide6/Qt/qml/QtQuick/Controls/FluentWinUI3/light/images/itemdelegate-background-highlighted@3x.png
/opt/data/home/.cache/uv/archive-v0/5r0TFbRiJ6JTlaQIweKAT/PySide6/Qt/qml/QtQuick/Controls/FluentWinUI3/light/images/pageindicatordelegate-indicator-delegate-current-hovered@2x.png
/opt/data/home/.cache/uv/archive-v0/5r0TFbRiJ6JTlaQIweKAT/PySide6/Qt/qml/QtQuick/Controls/FluentWinUI3/light/images/editablecombobox-popup-background-open-pressed@3x.png
/opt/data/home/.cache/uv/archive-v0/5r0TFbRiJ6JTlaQIweKAT/PySide6/Qt/qml/QtQuick/Controls/FluentWinUI3/light/images/combobox-indicator-open.png
/opt/data/home/.cache/uv/archive-v0/5r0TFbRiJ6JTlaQIweKAT/PySide6/Qt/qml/QtQuick/Controls/FluentWinUI3/light/images/rangeslider-groove-disabled@3x.png
/opt/data/home/.cache/uv/archive-v0/5r0TFbRiJ6JTlaQIweKAT/PySide6/Qt/qml/QtQuick/Controls/FluentWinUI3/light/images/slider-groove-hovered@3x.png
/opt/data/home/.cache/uv/archive-v0/5r0TFbRiJ6JTlaQIweKAT/PySide6/Qt/qml/QtQuick/Controls/FluentWinUI3/light/images/spinbox-background-down-pressed@3x.png
/opt/data/home/.cache/uv/archive-v0/5r0TFbRiJ6JTlaQIweKAT/PySide6/Qt/qml/QtQuick/Controls/FluentWinUI3/light/images/rangeslider-groove.png
/opt/data/home/.cache/uv/archive-v0/5r0TFbRiJ6JTlaQIweKAT/PySide6/Qt/qml/QtQuick/Controls/FluentWinUI3/light/images/spinbox-indicator-up-icon@3x.png
/opt/data/home/.cache/uv/archive-v0/5r0TFbRiJ6JTlaQIweKAT/PySide6/Qt/qml/QtQuick/Controls/FluentWinUI3/light/images/editablecombobox-indicator-open.png
/opt/data/home/.cache/uv/archive-v0/5r0TFbRiJ6JTlaQIweKAT/PySide6/Qt/qml/QtQuick/Controls/FluentWinUI3/light/images/spinbox-indicator-up-icon-up-hovered@3x.png
/opt/data/home/.cache/uv/archive-v0/5r0TFbRiJ6JTlaQIweKAT/PySide6/Qt/qml/QtQuick/Controls/FluentWinUI3/light/images/progressbar-groove-disabled@3x.png
/opt/data/home/.cache/uv/archive-v0/5r0TFbRiJ6JTlaQIweKAT/PySide6/Qt/qml/QtQuick/Controls/FluentWinUI3/light/images/slider-groove.png
/opt/data/home/.cache/uv/archive-v0/5r0TFbRiJ6JTlaQIweKAT/PySide6/Qt/qml/QtQuick/Controls/FluentWinUI3/light/images/textarea-background@3x.png
/opt/data/home/.cache/uv/archive-v0/5r0TFbRiJ6JTlaQIweKAT/PySide6/Qt/qml/QtQuick/Controls/FluentWinUI3/light/images/checkbox-indicator-pressed@2x.png
/opt/data/home/.cache/uv/archive-v0/5r0TFbRiJ6JTlaQIweKAT/PySide6/Qt/qml/QtQuick/Controls/FluentWinUI3/light/images/spinbox-background-hovered@3x.png
/opt/data/home/.cache/uv/archive-v0/5r0TFbRiJ6JTlaQIweKAT/PySide6/Qt/qml/QtQuick/Controls/FluentWinUI3/light/images/spinbox-indicator-down-background-disabled.png
/opt/data/home/.cache/uv/archive-v0/5r0TFbRiJ6JTlaQIweKAT/PySide6/Qt/qml/QtQuick/Controls/FluentWinUI3/light/images/editablecombobox-background-open@3x.png
/opt/data/home/.cache/uv/archive-v0/5r0TFbRiJ6JTlaQIweKAT/PySide6/Qt/qml/QtQuick/Controls/FluentWinUI3/light/images/radiobutton-indicator-pressed@2x.png
/opt/data/home/.cache/uv/archive-v0/5r0TFbRiJ6JTlaQIweKAT/PySide6/Qt/qml/QtQuick/Controls/FluentWinUI3/light/images/progressbar-groove-disabled.png
/opt/data/home/.cache/uv/archive-v0/5r0TFbRiJ6JTlaQIweKAT/PySide6/Qt/qml/QtQuick/Controls/FluentWinUI3/light/images/textfield-background-disabled@2x.png
/opt/data/home/.cache/uv/archive-v0/5r0TFbRiJ6JTlaQIweKAT/PySide6/Qt/qml/QtQuick/Controls/FluentWinUI3/light/images/spinbox-indicator-up-background-up-pressed@3x.png
/opt/data/home/.cache/uv/archive-v0/5r0TFbRiJ6JTlaQIweKAT/PySide6/Qt/qml/QtQuick/Controls/FluentWinUI3/light/images/pageindicatordelegate-indicator-delegate-pressed@2x.png
/opt/data/home/.cache/uv/archive-v0/5r0TFbRiJ6JTlaQIweKAT/PySide6/Qt/qml/QtQuick/Controls/FluentWinUI3/light/images/spinbox-background.png
/opt/data/home/.cache/uv/archive-v0/5r0TFbRiJ6JTlaQIweKAT/PySide6/Qt/qml/QtQuick/Controls/FluentWinUI3/light/images/checkbox-indicator-disabled-partiallyChecked.png
/opt/data/home/.cache/uv/archive-v0/5r0TFbRiJ6JTlaQIweKAT/PySide6/Qt/qml/QtQuick/Controls/FluentWinUI3/light/images/spinbox-indicator-down-background-hovered.png
/opt/data/home/.cache/uv/archive-v0/5r0TFbRiJ6JTlaQIweKAT/PySide6/Qt/qml/QtQuick/Controls/FluentWinUI3/light/images/spinbox-indicator-up-icon-disabled@2x.png
/opt/data/home/.cache/uv/archive-v0/5r0TFbRiJ6JTlaQIweKAT/PySide6/Qt/qml/QtQuick/Controls/FluentWinUI3/light/images/spinbox-indicator-up-icon.png
/opt/data/home/.cache/uv/archive-v0/5r0TFbRiJ6JTlaQIweKAT/PySide6/Qt/qml/QtQuick/Controls/FluentWinUI3/light/images/pageindicatordelegate-indicator-hovered.png
/opt/data/home/.cache/uv/archive-v0/5r0TFbRiJ6JTlaQIweKAT/PySide6/Qt/qml/QtQuick/Controls/FluentWinUI3/light/images/pageindicatordelegate-indicator-delegate-current@3x.png
/opt/data/home/.cache/uv/archive-v0/5r0TFbRiJ6JTlaQIweKAT/PySide6/Qt/qml/QtQuick/Controls/FluentWinUI3/light/images/textarea-background@2x.png
/opt/data/home/.cache/uv/archive-v0/5r0TFbRiJ6JTlaQIweKAT/PySide6/Qt/qml/QtQuick/Controls/FluentWinUI3/light/images/combobox-indicator-disabled.png
/opt/data/home/.cache/uv/archive-v0/5r0TFbRiJ6JTlaQIweKAT/PySide6/Qt/qml/QtQuick/Controls/FluentWinUI3/light/images/itemdelegate-background-hovered@3x.png
/opt/data/home/.cache/uv/archive-v0/5r0TFbRiJ6JTlaQIweKAT/PySide6/Qt/qml/QtQuick/Controls/FluentWinUI3/light/images/spinbox-indicator-up-icon-down-pressed.png
/opt/data/home/.cache/uv/archive-v0/5r0TFbRiJ6JTlaQIweKAT/PySide6/Qt/qml/QtQuick/Controls/FluentWinUI3/light/images/textarea-background-hovered.png
/opt/data/home/.cache/uv/archive-v0/5r0TFbRiJ6JTlaQIweKAT/PySide6/Qt/qml/QtQuick/Controls/FluentWinUI3/light/images/textfield-background@2x.png
/opt/data/home/.cache/uv/archive-v0/5r0TFbRiJ6JTlaQIweKAT/PySide6/Qt/qml/QtQuick/Controls/FluentWinUI3/light/images/spinbox-background-up-pressed.png
/opt/data/home/.cache/uv/archive-v0/5r0TFbRiJ6JTlaQIweKAT/PySide6/Qt/qml/QtQuick/Controls/FluentWinUI3/light/images/spinbox-indicator-up-background-hovered@2x.png
/opt/data/home/.cache/uv/archive-v0/5r0TFbRiJ6JTlaQIweKAT/PySide6/Qt/qml/QtQuick/Controls/FluentWinUI3/light/images/combobox-indicator-open-pressed@2x.png
/opt/data/home/.cache/uv/archive-v0/5r0TFbRiJ6JTlaQIweKAT/PySide6/Qt/qml/QtQuick/Controls/FluentWinUI3/light/images/combobox-indicator-pressed.png
/opt/data/home/.cache/uv/archive-v0/5r0TFbRiJ6JTlaQIweKAT/PySide6/Qt/qml/QtQuick/Controls/FluentWinUI3/light/images/spinbox-indicator-up-icon-up-pressed.png
/opt/data/home/.cache/uv/archive-v0/5r0TFbRiJ6JTlaQIweKAT/PySide6/Qt/qml/QtQuick/Controls/FluentWinUI3/light/images/spinbox-indicator-down-background-down-hovered@2x.png
/opt/data/home/.cache/uv/archive-v0/5r0TFbRiJ6JTlaQIweKAT/PySide6/Qt/qml/QtQuick/Controls/FluentWinUI3/light/images/spinbox-background-atlimit.png
/opt/data/home/.cache/uv/archive-v0/5r0TFbRiJ6JTlaQIweKAT/PySide6/Qt/qml/QtQuick/Controls/FluentWinUI3/light/images/editablecombobox-background-hovered-open@3x.png
/opt/data/home/.cache/uv/archive-v0/5r0TFbRiJ6JTlaQIweKAT/PySide6/Qt/qml/QtQuick/Controls/FluentWinUI3/light/images/combobox-indicator-hovered@3x.png
/opt/data/home/.cache/uv/archive-v0/5r0TFbRiJ6JTlaQIweKAT/PySide6/Qt/qml/QtQuick/Controls/FluentWinUI3/light/images/itemdelegate-background-hovered.png
/opt/data/home/.cache/uv/archive-v0/5r0TFbRiJ6JTlaQIweKAT/PySide6/Qt/qml/QtQuick/Controls/FluentWinUI3/light/images/pageindicatordelegate-indicator-hovered@2x.png
/opt/data/home/.cache/uv/archive-v0/5r0TFbRiJ6JTlaQIweKAT/PySide6/Qt/qml/QtQuick/Controls/FluentWinUI3/light/images/spinbox-indicator-down-background-down-pressed@3x.png
/opt/data/home/.cache/uv/archive-v0/5r0TFbRiJ6JTlaQIweKAT/PySide6/Qt/qml/QtQuick/Controls/FluentWinUI3/light/images/itemdelegate-background-highlighted-pressed@3x.png
/opt/data/home/.cache/uv/archive-v0/5r0TFbRiJ6JTlaQIweKAT/PySide6/Qt/qml/QtQuick/Controls/FluentWinUI3/light/images/editablecombobox-background-open-pressed.png
/opt/data/home/.cache/uv/archive-v0/5r0TFbRiJ6JTlaQIweKAT/PySide6/Qt/qml/QtQuick/Controls/FluentWinUI3/light/images/spinbox-indicator-down-background-hovered@3x.png
/opt/data/home/.cache/uv/archive-v0/5r0TFbRiJ6JTlaQIweKAT/PySide6/Qt/qml/QtQuick/Controls/FluentWinUI3/light/images/combobox-indicator-hovered.png
/opt/data/home/.cache/uv/archive-v0/5r0TFbRiJ6JTlaQIweKAT/PySide6/Qt/qml/QtQuick/Controls/FluentWinUI3/light/images/checkbox-indicator-checked-hovered@2x.png
/opt/data/home/.cache/uv/archive-v0/5r0TFbRiJ6JTlaQIweKAT/PySide6/Qt/qml/QtQuick/Controls/FluentWinUI3/light/images/rangeslider-first-handle-handle-pressed@2x.png
/opt/data/home/.cache/uv/archive-v0/5r0TFbRiJ6JTlaQIweKAT/PySide6/Qt/qml/QtQuick/Controls/FluentWinUI3/light/images/spinbox-indicator-down-background.png
/opt/data/home/.cache/uv/archive-v0/5r0TFbRiJ6JTlaQIweKAT/PySide6/Qt/qml/QtQuick/Controls/FluentWinUI3/light/images/checkbox-indicator-partiallyChecked-pressed@3x.png
/opt/data/home/.cache/uv/archive-v0/5r0TFbRiJ6JTlaQIweKAT/PySide6/Qt/qml/QtQuick/Controls/FluentWinUI3/light/images/combobox-indicator-hovered@2x.png
/opt/data/home/.cache/uv/archive-v0/5r0TFbRiJ6JTlaQIweKAT/PySide6/Qt/qml/QtQuick/Controls/FluentWinUI3/light/images/slider-handle-disabled@3x.png
/opt/data/home/.cache/uv/archive-v0/5r0TFbRiJ6JTlaQIweKAT/PySide6/Qt/qml/QtQuick/Controls/FluentWinUI3/light/images/rangeslider-second-handle-hovered@2x.png
/opt/data/home/.cache/uv/archive-v0/5r0TFbRiJ6JTlaQIweKAT/PySide6/Qt/qml/QtQuick/Controls/FluentWinUI3/light/images/pageindicatordelegate-indicator-delegate-pressed@3x.png
/opt/data/home/.cache/uv/archive-v0/5r0TFbRiJ6JTlaQIweKAT/PySide6/Qt/qml/QtQuick/Controls/FluentWinUI3/light/images/combobox-background-open-pressed@2x.png
/opt/data/home/.cache/uv/archive-v0/5r0TFbRiJ6JTlaQIweKAT/PySide6/Qt/qml/QtQuick/Controls/FluentWinUI3/light/images/rangeslider-second-handle.png
/opt/data/home/.cache/uv/archive-v0/5r0TFbRiJ6JTlaQIweKAT/PySide6/Qt/qml/QtQuick/Controls/FluentWinUI3/light/images/rangeslider-first-handle-hovered@2x.png
/opt/data/home/.cache/uv/archive-v0/5r0TFbRiJ6JTlaQIweKAT/PySide6/Qt/qml/QtQuick/Controls/FluentWinUI3/light/images/slider-handle-disabled@2x.png
/opt/data/home/.cache/uv/archive-v0/5r0TFbRiJ6JTlaQIweKAT/PySide6/Qt/qml/QtQuick/Controls/FluentWinUI3/light/images/spinbox-indicator-down-background-atlimit.png
/opt/data/home/.cache/uv/archive-v0/5r0TFbRiJ6JTlaQIweKAT/PySide6/Qt/qml/QtQuick/Controls/FluentWinUI3/light/images/spinbox-indicator-up-icon-atlimit@3x.png
/opt/data/home/.cache/uv/archive-v0/5r0TFbRiJ6JTlaQIweKAT/PySide6/Qt/qml/QtQuick/Controls/FluentWinUI3/light/images/spinbox-indicator-up-icon-up-hovered@2x.png
/opt/data/home/.cache/uv/archive-v0/5r0TFbRiJ6JTlaQIweKAT/PySide6/Qt/qml/QtQuick/Controls/FluentWinUI3/light/images/pageindicatordelegate-indicator-disabled@2x.png
/opt/data/home/.cache/uv/archive-v0/5r0TFbRiJ6JTlaQIweKAT/PySide6/Qt/qml/QtQuick/Controls/FluentWinUI3/light/images/spinbox-indicator-up-icon-up-pressed@3x.png
/opt/data/home/.cache/uv/archive-v0/5r0TFbRiJ6JTlaQIweKAT/PySide6/Qt/qml/QtQuick/Controls/FluentWinUI3/light/images/textarea-background-focused.png
/opt/data/home/.cache/uv/archive-v0/5r0TFbRiJ6JTlaQIweKAT/PySide6/Qt/qml/QtQuick/Controls/FluentWinUI3/light/images/pageindicatordelegate-indicator-disabled@3x.png
/opt/data/home/.cache/uv/archive-v0/5r0TFbRiJ6JTlaQIweKAT/PySide6/Qt/qml/QtQuick/Controls/FluentWinUI3/light/images/spinbox-indicator-up-icon-hovered@3x.png
/opt/data/home/.cache/uv/archive-v0/5r0TFbRiJ6JTlaQIweKAT/PySide6/Qt/qml/QtQuick/Controls/FluentWinUI3/light/images/spinbox-background-up-hovered@3x.png
/opt/data/home/.cache/uv/archive-v0/5r0TFbRiJ6JTlaQIweKAT/PySide6/Qt/qml/QtQuick/Controls/FluentWinUI3/light/images/spinbox-background-up-hovered.png
/opt/data/home/.cache/uv/archive-v0/5r0TFbRiJ6JTlaQIweKAT/PySide6/Qt/qml/QtQuick/Controls/FluentWinUI3/light/images/spinbox-indicator-up-background-up-pressed.png
/opt/data/home/.cache/uv/archive-v0/5r0TFbRiJ6JTlaQIweKAT/PySide6/Qt/qml/QtQuick/Controls/FluentWinUI3/light/images/combobox-background-open@3x.png
/opt/data/home/.cache/uv/archive-v0/5r0TFbRiJ6JTlaQIweKAT/PySide6/Qt/qml/QtQuick/Controls/FluentWinUI3/light/images/editablecombobox-popup-background-hovered-open@3x.png
/opt/data/home/.cache/uv/archive-v0/5r0TFbRiJ6JTlaQIweKAT/PySide6/Qt/qml/QtQuick/Controls/FluentWinUI3/light/images/pageindicatordelegate-indicator-disabled.png
/opt/data/home/.cache/uv/archive-v0/5r0TFbRiJ6JTlaQIweKAT/PySide6/Qt/qml/QtQuick/Controls/FluentWinUI3/light/images/spinbox-background-down-pressed@2x.png
/opt/data/home/.cache/uv/archive-v0/5r0TFbRiJ6JTlaQIweKAT/PySide6/Qt/qml/QtQuick/Controls/FluentWinUI3/light/images/checkbox-indicator-partiallyChecked-pressed.png
/opt/data/home/.cache/uv/archive-v0/5r0TFbRiJ6JTlaQIweKAT/PySide6/Qt/qml/QtQuick/Controls/FluentWinUI3/light/images/radiobutton-indicator.png
/opt/data/home/.cache/uv/archive-v0/5r0TFbRiJ6JTlaQIweKAT/PySide6/Qt/qml/QtQuick/Controls/FluentWinUI3/light/images/combobox-background-disabled@3x.png
/opt/data/home/.cache/uv/archive-v0/5r0TFbRiJ6JTlaQIweKAT/PySide6/Qt/qml/QtQuick/Controls/FluentWinUI3/light/images/textarea-background-focused@2x.png
/opt/data/home/.cache/uv/archive-v0/5r0TFbRiJ6JTlaQIweKAT/PySide6/Qt/qml/QtQuick/Controls/FluentWinUI3/light/images/pageindicatordelegate-indicator-delegate-current-hovered.png
/opt/data/home/.cache/uv/archive-v0/5r0TFbRiJ6JTlaQIweKAT/PySide6/Qt/qml/QtQuick/Controls/FluentWinUI3/light/images/checkbox-indicator-checked.png
/opt/data/home/.cache/uv/archive-v0/5r0TFbRiJ6JTlaQIweKAT/PySide6/Qt/qml/QtQuick/Controls/FluentWinUI3/light/images/slider-handle-hovered.png
/opt/data/home/.cache/uv/archive-v0/5r0TFbRiJ6JTlaQIweKAT/PySide6/Qt/qml/QtQuick/Controls/FluentWinUI3/light/images/spinbox-indicator-down-background-up-pressed.png
/opt/data/home/.cache/uv/archive-v0/5r0TFbRiJ6JTlaQIweKAT/PySide6/Qt/qml/QtQuick/Controls/FluentWinUI3/light/images/rangeslider-first-handle@3x.png
/opt/data/home/.cache/uv/archive-v0/5r0TFbRiJ6JTlaQIweKAT/PySide6/Qt/qml/QtQuick/Controls/FluentWinUI3/light/images/popup-background@2x.png
/opt/data/home/.cache/uv/archive-v0/5r0TFbRiJ6JTlaQIweKAT/PySide6/Qt/qml/QtQuick/Controls/FluentWinUI3/light/images/radiobutton-indicator-checked.png
/opt/data/home/.cache/uv/archive-v0/5r0TFbRiJ6JTlaQIweKAT/PySide6/Qt/qml/QtQuick/Controls/FluentWinUI3/light/images/rangeslider-groove-disabled@2x.png
/opt/data/home/.cache/uv/archive-v0/5r0TFbRiJ6JTlaQIweKAT/PySide6/Qt/qml/QtQuick/Controls/FluentWinUI3/light/images/radiobutton-indicator-disabled@3x.png
/opt/data/home/.cache/uv/archive-v0/5r0TFbRiJ6JTlaQIweKAT/PySide6/Qt/qml/QtQuick/Controls/FluentWinUI3/light/images/spinbox-indicator-up-background-atlimit@3x.png
/opt/data/home/.cache/uv/archive-v0/5r0TFbRiJ6JTlaQIweKAT/PySide6/Qt/qml/QtQuick/Controls/FluentWinUI3/light/images/checkbox-indicator-checked-disabled@3x.png
/opt/data/home/.cache/uv/archive-v0/5r0TFbRiJ6JTlaQIweKAT/PySide6/Qt/qml/QtQuick/Controls/FluentWinUI3/light/images/combobox-background-focused.png
/opt/data/home/.cache/uv/archive-v0/5r0TFbRiJ6JTlaQIweKAT/PySide6/Qt/qml/QtQuick/Controls/FluentWinUI3/light/images/radiobutton-indicator-pressed.png
/opt/data/home/.cache/uv/archive-v0/5r0TFbRiJ6JTlaQIweKAT/PySide6/Qt/qml/QtQuick/Controls/FluentWinUI3/light/images/rangeslider-first-handle-hovered@3x.png
/opt/data/home/.cache/uv/archive-v0/5r0TFbRiJ6JTlaQIweKAT/PySide6/Qt/qml/QtQuick/Controls/FluentWinUI3/light/images/checkbox-indicator-checked-disabled.png
/opt/data/home/.cache/uv/archive-v0/5r0TFbRiJ6JTlaQIweKAT/PySide6/Qt/qml/QtQuick/Controls/FluentWinUI3/light/images/textarea-background-disabled.png
/opt/data/home/.cache/uv/archive-v0/5r0TFbRiJ6JTlaQIweKAT/PySide6/Qt/qml/QtQuick/Controls/FluentWinUI3/light/images/slider-handle.png
/opt/data/home/.cache/uv/archive-v0/5r0TFbRiJ6JTlaQIweKAT/PySide6/Qt/qml/QtQuick/Controls/FluentWinUI3/light/images/slider-handle-hovered@2x.png
/opt/data/home/.cache/uv/archive-v0/5r0TFbRiJ6JTlaQIweKAT/PySide6/Qt/qml/QtQuick/Controls/FluentWinUI3/light/images/checkbox-indicator-pressed.png
/opt/data/home/.cache/uv/archive-v0/5r0TFbRiJ6JTlaQIweKAT/PySide6/Qt/qml/QtQuick/Controls/FluentWinUI3/light/images/textfield-background-hovered.png
/opt/data/home/.cache/uv/archive-v0/5r0TFbRiJ6JTlaQIweKAT/PySide6/Qt/qml/QtQuick/Controls/FluentWinUI3/light/images/combobox-indicator-open-pressed.png
/opt/data/home/.cache/uv/archive-v0/5r0TFbRiJ6JTlaQIweKAT/PySide6/Qt/qml/QtQuick/Controls/FluentWinUI3/light/images/spinbox-indicator-down-icon-down-pressed@2x.png
/opt/data/home/.cache/uv/archive-v0/5r0TFbRiJ6JTlaQIweKAT/PySide6/Qt/qml/QtQuick/Controls/FluentWinUI3/light/images/textfield-background-disabled.png
/opt/data/home/.cache/uv/archive-v0/5r0TFbRiJ6JTlaQIweKAT/PySide6/Qt/qml/QtQuick/Controls/FluentWinUI3/light/images/frame-background-disabled@2x.png
/opt/data/home/.cache/uv/archive-v0/5r0TFbRiJ6JTlaQIweKAT/PySide6/Qt/qml/QtQuick/Controls/FluentWinUI3/light/images/radiobutton-indicator-checked-pressed@2x.png
/opt/data/home/.cache/uv/archive-v0/5r0TFbRiJ6JTlaQIweKAT/PySide6/Qt/qml/QtQuick/Controls/FluentWinUI3/light/images/rangeslider-second-handle@3x.png
/opt/data/home/.cache/uv/archive-v0/5r0TFbRiJ6JTlaQIweKAT/PySide6/Qt/qml/QtQuick/Controls/FluentWinUI3/light/images/spinbox-indicator-up-background-disabled@2x.png
/opt/data/home/.cache/uv/archive-v0/5r0TFbRiJ6JTlaQIweKAT/PySide6/Qt/qml/QtQuick/Controls/FluentWinUI3/light/images/combobox-background-disabled@2x.png
/opt/data/home/.cache/uv/archive-v0/5r0TFbRiJ6JTlaQIweKAT/PySide6/Qt/qml/QtQuick/Controls/FluentWinUI3/light/images/spinbox-indicator-down-icon-atlimit@2x.png
/opt/data/home/.cache/uv/archive-v0/5r0TFbRiJ6JTlaQIweKAT/PySide6/Qt/qml/QtQuick/Controls/FluentWinUI3/light/images/spinbox-indicator-down-icon-hovered@2x.png
/opt/data/home/.cache/uv/archive-v0/5r0TFbRiJ6JTlaQIweKAT/PySide6/Qt/qml/QtQuick/Controls/FluentWinUI3/light/images/spinbox-indicator-up-background-hovered.png
/opt/data/home/.cache/uv/archive-v0/5r0TFbRiJ6JTlaQIweKAT/PySide6/Qt/qml/QtQuick/Controls/FluentWinUI3/light/images/rangeslider-groove-hovered.png
/opt/data/home/.cache/uv/archive-v0/5r0TFbRiJ6JTlaQIweKAT/PySide6/Qt/qml/QtQuick/Controls/FluentWinUI3/light/images/combobox-background-hovered.png
/opt/data/home/.cache/uv/archive-v0/5r0TFbRiJ6JTlaQIweKAT/PySide6/Qt/qml/QtQuick/Controls/FluentWinUI3/light/images/spinbox-background@3x.png
/opt/data/home/.cache/uv/archive-v0/5r0TFbRiJ6JTlaQIweKAT/PySide6/Qt/qml/QtQuick/Controls/FluentWinUI3/light/images/rangeslider-groove-handle-pressed.png
/opt/data/home/.cache/uv/archive-v0/5r0TFbRiJ6JTlaQIweKAT/PySide6/Qt/qml/QtQuick/Controls/FluentWinUI3/light/images/slider-groove-pressed@2x.png
/opt/data/home/.cache/uv/archive-v0/5r0TFbRiJ6JTlaQIweKAT/PySide6/Qt/qml/QtQuick/Controls/FluentWinUI3/light/images/spinbox-indicator-down-icon-atlimit.png
/opt/data/home/.cache/uv/archive-v0/5r0TFbRiJ6JTlaQIweKAT/PySide6/Qt/qml/QtQuick/Controls/FluentWinUI3/light/images/frame-background-disabled.png
/opt/data/home/.cache/uv/archive-v0/5r0TFbRiJ6JTlaQIweKAT/PySide6/Qt/qml/QtQuick/Controls/FluentWinUI3/light/images/slider-handle@2x.png
/opt/data/home/.cache/uv/archive-v0/5r0TFbRiJ6JTlaQIweKAT/PySide6/Qt/qml/QtQuick/Controls/FluentWinUI3/light/images/editablecombobox-indicator-open@2x.png
/opt/data/home/.cache/uv/archive-v0/5r0TFbRiJ6JTlaQIweKAT/PySide6/Qt/qml/QtQuick/Controls/FluentWinUI3/light/images/editablecombobox-background-hovered-open.png
/opt/data/home/.cache/uv/archive-v0/5r0TFbRiJ6JTlaQIweKAT/PySide6/Qt/qml/QtQuick/Controls/FluentWinUI3/light/images/slider-groove-disabled@2x.png
/opt/data/home/.cache/uv/archive-v0/5r0TFbRiJ6JTlaQIweKAT/PySide6/Qt/qml/QtQuick/Controls/FluentWinUI3/light/images/rangeslider-groove-hovered@2x.png
/opt/data/home/.cache/uv/archive-v0/5r0TFbRiJ6JTlaQIweKAT/PySide6/Qt/qml/QtQuick/Controls/FluentWinUI3/light/images/rangeslider-first-handle-disabled@2x.png
/opt/data/home/.cache/uv/archive-v0/5r0TFbRiJ6JTlaQIweKAT/PySide6/Qt/qml/QtQuick/Controls/FluentWinUI3/light/images/checkbox-indicator-checked-pressed@2x.png
/opt/data/home/.cache/uv/archive-v0/5r0TFbRiJ6JTlaQIweKAT/PySide6/Qt/qml/QtQuick/Controls/FluentWinUI3/light/images/slider-handle-hovered@3x.png
/opt/data/home/.cache/uv/archive-v0/5r0TFbRiJ6JTlaQIweKAT/PySide6/Qt/qml/QtQuick/Controls/FluentWinUI3/light/images/combobox-background-open-pressed@3x.png
/opt/data/home/.cache/uv/archive-v0/5r0TFbRiJ6JTlaQIweKAT/PySide6/Qt/qml/QtQuick/Controls/FluentWinUI3/light/images/checkbox-indicator-checked-hovered.png
/opt/data/home/.cache/uv/archive-v0/5r0TFbRiJ6JTlaQIweKAT/PySide6/Qt/qml/QtQuick/Controls/FluentWinUI3/light/images/checkbox-indicator-partiallyChecked@2x.png
/opt/data/home/.cache/uv/archive-v0/5r0TFbRiJ6JTlaQIweKAT/PySide6/Qt/qml/QtQuick/Controls/FluentWinUI3/light/images/spinbox-indicator-up-background-up-hovered@2x.png
/opt/data/home/.cache/uv/archive-v0/5r0TFbRiJ6JTlaQIweKAT/PySide6/Qt/qml/QtQuick/Controls/FluentWinUI3/light/images/editablecombobox-background-hovered-open@2x.png
/opt/data/home/.cache/uv/archive-v0/5r0TFbRiJ6JTlaQIweKAT/PySide6/Qt/qml/QtQuick/Controls/FluentWinUI3/light/images/textfield-background-focused.png
/opt/data/home/.cache/uv/archive-v0/5r0TFbRiJ6JTlaQIweKAT/PySide6/Qt/qml/QtQuick/Controls/FluentWinUI3/light/images/textarea-background-hovered@2x.png
/opt/data/home/.cache/uv/archive-v0/5r0TFbRiJ6JTlaQIweKAT/PySide6/Qt/qml/QtQuick/Controls/FluentWinUI3/light/images/spinbox-background-up-hovered@2x.png
/opt/data/home/.cache/uv/archive-v0/5r0TFbRiJ6JTlaQIweKAT/PySide6/Qt/qml/QtQuick/Controls/FluentWinUI3/light/images/slider-handle@3x.png
/opt/data/home/.cache/uv/archive-v0/5r0TFbRiJ6JTlaQIweKAT/PySide6/Qt/qml/QtQuick/Controls/FluentWinUI3/light/images/spinbox-background-up-pressed@3x.png
/opt/data/home/.cache/uv/archive-v0/5r0TFbRiJ6JTlaQIweKAT/PySide6/Qt/qml/QtQuick/Controls/FluentWinUI3/light/images/combobox-indicator@3x.png
/opt/data/home/.cache/uv/archive-v0/5r0TFbRiJ6JTlaQIweKAT/PySide6/Qt/qml/QtQuick/Controls/FluentWinUI3/light/images/slider-groove-pressed@3x.png
/opt/data/home/.cache/uv/archive-v0/5r0TFbRiJ6JTlaQIweKAT/PySide6/Qt/qml/QtQuick/Controls/FluentWinUI3/light/images/radiobutton-indicator-checked-disabled.png
/opt/data/home/.cache/uv/archive-v0/5r0TFbRiJ6JTlaQIweKAT/PySide6/Qt/qml/QtQuick/Controls/FluentWinUI3/light/images/spinbox-indicator-up-background-down-hovered@3x.png
/opt/data/home/.cache/uv/archive-v0/5r0TFbRiJ6JTlaQIweKAT/PySide6/Qt/qml/QtQuick/Controls/FluentWinUI3/light/images/rangeslider-first-handle-handle-pressed@3x.png
/opt/data/home/.cache/uv/archive-v0/5r0TFbRiJ6JTlaQIweKAT/PySide6/Qt/qml/QtQuick/Controls/FluentWinUI3/light/images/slider-groove-pressed.png
/opt/data/home/.cache/uv/archive-v0/5r0TFbRiJ6JTlaQIweKAT/PySide6/Qt/qml/QtQuick/Controls/FluentWinUI3/light/images/textfield-background@3x.png
/opt/data/home/.cache/uv/archive-v0/5r0TFbRiJ6JTlaQIweKAT/PySide6/Qt/qml/QtQuick/Controls/FluentWinUI3/light/images/slider-groove@3x.png
/opt/data/home/.cache/uv/archive-v0/5r0TFbRiJ6JTlaQIweKAT/PySide6/Qt/qml/QtQuick/Controls/FluentWinUI3/light/images/spinbox-indicator-down-icon-up-pressed@3x.png
/opt/data/home/.cache/uv/archive-v0/5r0TFbRiJ6JTlaQIweKAT/PySide6/Qt/qml/QtQuick/Controls/FluentWinUI3/light/images/combobox-background-hovered@2x.png
/opt/data/home/.cache/uv/archive-v0/5r0TFbRiJ6JTlaQIweKAT/PySide6/Qt/qml/QtQuick/Controls/FluentWinUI3/light/images/popup-background@3x.png
/opt/data/home/.cache/uv/archive-v0/5r0TFbRiJ6JTlaQIweKAT/PySide6/Qt/qml/QtQuick/Controls/FluentWinUI3/light/images/spinbox-indicator-down-icon-down-pressed@3x.png
/opt/data/home/.cache/uv/archive-v0/5r0TFbRiJ6JTlaQIweKAT/PySide6/Qt/qml/QtQuick/Controls/FluentWinUI3/light/images/spinbox-indicator-up-background-disabled@3x.png
/opt/data/home/.cache/uv/archive-v0/5r0TFbRiJ6JTlaQIweKAT/PySide6/Qt/qml/QtQuick/Controls/FluentWinUI3/light/images/rangeslider-second-handle-disabled@2x.png
/opt/data/home/.cache/uv/archive-v0/5r0TFbRiJ6JTlaQIweKAT/PySide6/Qt/qml/QtQuick/Controls/FluentWinUI3/light/images/checkbox-indicator-disabled@2x.png
/opt/data/home/.cache/uv/archive-v0/5r0TFbRiJ6JTlaQIweKAT/PySide6/Qt/qml/QtQuick/Controls/FluentWinUI3/light/images/spinbox-indicator-down-icon-disabled.png
/opt/data/home/.cache/uv/archive-v0/5r0TFbRiJ6JTlaQIweKAT/PySide6/Qt/qml/QtQuick/Controls/FluentWinUI3/light/images/editablecombobox-indicator-open-pressed@3x.png
/opt/data/home/.cache/uv/archive-v0/5r0TFbRiJ6JTlaQIweKAT/PySide6/Qt/qml/QtQuick/Controls/FluentWinUI3/light/images/rangeslider-first-handle-disabled@3x.png
/opt/data/home/.cache/uv/archive-v0/5r0TFbRiJ6JTlaQIweKAT/PySide6/Qt/qml/QtQuick/Controls/FluentWinUI3/light/images/combobox-indicator-disabled@3x.png
/opt/data/home/.cache/uv/archive-v0/5r0TFbRiJ6JTlaQIweKAT/PySide6/Qt/qml/QtQuick/Controls/FluentWinUI3/light/images/spinbox-indicator-down-background-down-hovered.png
/opt/data/home/.cache/uv/archive-v0/5r0TFbRiJ6JTlaQIweKAT/PySide6/Qt/qml/QtQuick/Controls/FluentWinUI3/light/images/spinbox-indicator-down-icon-down-hovered.png
/opt/data/home/.cache/uv/archive-v0/5r0TFbRiJ6JTlaQIweKAT/PySide6/Qt/qml/QtQuick/Controls/FluentWinUI3/light/images/spinbox-background-down-hovered@3x.png
/opt/data/home/.cache/uv/archive-v0/5r0TFbRiJ6JTlaQIweKAT/PySide6/Qt/qml/QtQuick/Controls/FluentWinUI3/light/images/textarea-background.png
/opt/data/home/.cache/uv/archive-v0/5r0TFbRiJ6JTlaQIweKAT/PySide6/Qt/qml/QtQuick/Controls/FluentWinUI3/light/images/combobox-background-hovered-open.png
/opt/data/home/.cache/uv/archive-v0/5r0TFbRiJ6JTlaQIweKAT/PySide6/Qt/qml/QtQuick/Controls/FluentWinUI3/light/images/spinbox-indicator-down-background-down-pressed.png
/opt/data/home/.cache/uv/archive-v0/5r0TFbRiJ6JTlaQIweKAT/PySide6/Qt/qml/QtQuick/Controls/FluentWinUI3/light/images/combobox-indicator-pressed@2x.png
/opt/data/home/.cache/uv/archive-v0/5r0TFbRiJ6JTlaQIweKAT/PySide6/Qt/qml/QtQuick/Controls/FluentWinUI3/light/images/textfield-background-focused@3x.png
/opt/data/home/.cache/uv/archive-v0/5r0TFbRiJ6JTlaQIweKAT/PySide6/Qt/qml/QtQuick/Controls/FluentWinUI3/light/images/itemdelegate-background-highlighted-hovered@2x.png
/opt/data/home/.cache/uv/archive-v0/5r0TFbRiJ6JTlaQIweKAT/PySide6/Qt/qml/QtQuick/Controls/FluentWinUI3/light/images/checkbox-indicator-checked-pressed.png
/opt/data/home/.cache/uv/archive-v0/5r0TFbRiJ6JTlaQIweKAT/PySide6/Qt/qml/QtQuick/Controls/FluentWinUI3/light/images/checkbox-indicator@3x.png
/opt/data/home/.cache/uv/archive-v0/5r0TFbRiJ6JTlaQIweKAT/PySide6/Qt/qml/QtQuick/Controls/FluentWinUI3/light/images/checkbox-indicator-pressed@3x.png
/opt/data/home/.cache/uv/archive-v0/5r0TFbRiJ6JTlaQIweKAT/PySide6/Qt/qml/QtQuick/Controls/FluentWinUI3/light/images/itemdelegate-background-highlighted-pressed@2x.png
/opt/data/home/.cache/uv/archive-v0/5r0TFbRiJ6JTlaQIweKAT/PySide6/Qt/qml/QtQuick/Controls/FluentWinUI3/light/images/spinbox-indicator-up-icon-up-pressed@2x.png
/opt/data/home/.cache/uv/archive-v0/5r0TFbRiJ6JTlaQIweKAT/PySide6/Qt/qml/QtQuick/Controls/designer/images/frame-icon.png
/opt/data/home/.cache/uv/archive-v0/5r0TFbRiJ6JTlaQIweKAT/PySide6/Qt/qml/QtQuick/Controls/designer/images/rangeslider-icon@2x.png
/opt/data/home/.cache/uv/archive-v0/5r0TFbRiJ6JTlaQIweKAT/PySide6/Qt/qml/QtQuick/Controls/designer/images/toolbar-icon16.png
/opt/data/home/.cache/uv/archive-v0/5r0TFbRiJ6JTlaQIweKAT/PySide6/Qt/qml/QtQuick/Controls/designer/images/toolbutton-icon16.png
/opt/data/home/.cache/uv/archive-v0/5r0TFbRiJ6JTlaQIweKAT/PySide6/Qt/qml/QtQuick/Controls/designer/images/toolseparator-icon.png
/opt/data/home/.cache/uv/archive-v0/5r0TFbRiJ6JTlaQIweKAT/PySide6/Qt/qml/QtQuick/Controls/designer/images/textfield-icon.png
/opt/data/home/.cache/uv/archive-v0/5r0TFbRiJ6JTlaQIweKAT/PySide6/Qt/qml/QtQuick/Controls/designer/images/combobox-icon.png
/opt/data/home/.cache/uv/archive-v0/5r0TFbRiJ6JTlaQIweKAT/PySide6/Qt/qml/QtQuick/Controls/designer/images/scrollview-icon.png
/opt/data/home/.cache/uv/archive-v0/5r0TFbRiJ6JTlaQIweKAT/PySide6/Qt/qml/QtQuick/Controls/designer/images/checkbox-icon@2x.png
/opt/data/home/.cache/uv/archive-v0/5r0TFbRiJ6JTlaQIweKAT/PySide6/Qt/qml/QtQuick/Controls/designer/images/control-icon@2x.png
/opt/data/home/.cache/uv/archive-v0/5r0TFbRiJ6JTlaQIweKAT/PySide6/Qt/qml/QtQuick/Controls/designer/images/itemdelegate-icon@2x.png
/opt/data/home/.cache/uv/archive-v0/5r0TFbRiJ6JTlaQIweKAT/PySide6/Qt/qml/QtQuick/Controls/designer/images/rangeslider-icon.png
/opt/data/home/.cache/uv/archive-v0/5r0TFbRiJ6JTlaQIweKAT/PySide6/Qt/qml/QtQuick/Controls/designer/images/groupbox-icon16.png
/opt/data/home/.cache/uv/archive-v0/5r0TFbRiJ6JTlaQIweKAT/PySide6/Qt/qml/QtQuick/Controls/designer/images/pane-icon@2x.png
/opt/data/home/.cache/uv/archive-v0/5r0TFbRiJ6JTlaQIweKAT/PySide6/Qt/qml/QtQuick/Controls/designer/images/label-icon.png
/opt/data/home/.cache/uv/archive-v0/5r0TFbRiJ6JTlaQIweKAT/PySide6/Qt/qml/QtQuick/Controls/designer/images/busyindicator-icon@2x.png
/opt/data/home/.cache/uv/archive-v0/5r0TFbRiJ6JTlaQIweKAT/PySide6/Qt/qml/QtQuick/Controls/designer/images/groupbox-icon@2x.png
/opt/data/home/.cache/uv/archive-v0/5r0TFbRiJ6JTlaQIweKAT/PySide6/Qt/qml/QtQuick/Controls/designer/images/delaybutton-icon@2x.png
/opt/data/home/.cache/uv/archive-v0/5r0TFbRiJ6JTlaQIweKAT/PySide6/Qt/qml/QtQuick/Controls/designer/images/roundbutton-icon.png
/opt/data/home/.cache/uv/archive-v0/5r0TFbRiJ6JTlaQIweKAT/PySide6/Qt/qml/QtQuick/Controls/designer/images/stackview-icon.png
/opt/data/home/.cache/uv/archive-v0/5r0TFbRiJ6JTlaQIweKAT/PySide6/Qt/qml/QtQuick/Controls/designer/images/tumbler-icon@2x.png
/opt/data/home/.cache/uv/archive-v0/5r0TFbRiJ6JTlaQIweKAT/PySide6/Qt/qml/QtQuick/Controls/designer/images/radiobutton-icon.png
/opt/data/home/.cache/uv/archive-v0/5r0TFbRiJ6JTlaQIweKAT/PySide6/Qt/qml/QtQuick/Controls/designer/images/button-icon@2x.png
/opt/data/home/.cache/uv/archive-v0/5r0TFbRiJ6JTlaQIweKAT/PySide6/Qt/qml/QtQuick/Controls/designer/images/page-icon.png
/opt/data/home/.cache/uv/archive-v0/5r0TFbRiJ6JTlaQIweKAT/PySide6/Qt/qml/QtQuick/Controls/designer/images/textfield-icon16.png
/opt/data/home/.cache/uv/archive-v0/5r0TFbRiJ6JTlaQIweKAT/PySide6/Qt/qml/QtQuick/Controls/designer/images/delaybutton-icon.png
/opt/data/home/.cache/uv/archive-v0/5r0TFbRiJ6JTlaQIweKAT/PySide6/Qt/qml/QtQuick/Controls/designer/images/checkbox-icon.png
/opt/data/home/.cache/uv/archive-v0/5r0TFbRiJ6JTlaQIweKAT/PySide6/Qt/qml/QtQuick/Controls/designer/images/itemdelegate-icon16.png
/opt/data/home/.cache/uv/archive-v0/5r0TFbRiJ6JTlaQIweKAT/PySide6/Qt/qml/QtQuick/Controls/designer/images/textarea-icon16.png
/opt/data/home/.cache/uv/archive-v0/5r0TFbRiJ6JTlaQIweKAT/PySide6/Qt/qml/QtQuick/Controls/designer/images/delaybutton-icon16.png
/opt/data/home/.cache/uv/archive-v0/5r0TFbRiJ6JTlaQIweKAT/PySide6/Qt/qml/QtQuick/Controls/designer/images/toolbutton-icon@2x.png
/opt/data/home/.cache/uv/archive-v0/5r0TFbRiJ6JTlaQIweKAT/PySide6/Qt/qml/QtQuick/Controls/designer/images/slider-icon16.png
/opt/data/home/.cache/uv/archive-v0/5r0TFbRiJ6JTlaQIweKAT/PySide6/Qt/qml/QtQuick/Controls/designer/images/dial-icon.png
/opt/data/home/.cache/uv/archive-v0/5r0TFbRiJ6JTlaQIweKAT/PySide6/Qt/qml/QtQuick/Controls/designer/images/itemdelegate-icon.png
/opt/data/home/.cache/uv/archive-v0/5r0TFbRiJ6JTlaQIweKAT/PySide6/Qt/qml/QtQuick/Controls/designer/images/textarea-icon@2x.png
/opt/data/home/.cache/uv/archive-v0/5r0TFbRiJ6JTlaQIweKAT/PySide6/Qt/qml/QtQuick/Controls/designer/images/tumbler-icon.png
/opt/data/home/.cache/uv/archive-v0/5r0TFbRiJ6JTlaQIweKAT/PySide6/Qt/qml/QtQuick/Controls/designer/images/roundbutton-icon@2x.png
/opt/data/home/.cache/uv/archive-v0/5r0TFbRiJ6JTlaQIweKAT/PySide6/Qt/qml/QtQuick/Controls/designer/images/spinbox-icon@2x.png
/opt/data/home/.cache/uv/archive-v0/5r0TFbRiJ6JTlaQIweKAT/PySide6/Qt/qml/QtQuick/Controls/designer/images/label-icon@2x.png
/opt/data/home/.cache/uv/archive-v0/5r0TFbRiJ6JTlaQIweKAT/PySide6/Qt/qml/QtQuick/Controls/designer/images/toolseparator-icon16.png
/opt/data/home/.cache/uv/archive-v0/5r0TFbRiJ6JTlaQIweKAT/PySide6/Qt/qml/QtQuick/Controls/designer/images/button-icon16.png
/opt/data/home/.cache/uv/archive-v0/5r0TFbRiJ6JTlaQIweKAT/PySide6/Qt/qml/QtQuick/Controls/designer/images/swipeview-icon.png
/opt/data/home/.cache/uv/archive-v0/5r0TFbRiJ6JTlaQIweKAT/PySide6/Qt/qml/QtQuick/Controls/designer/images/progressbar-icon16.png
/opt/data/home/.cache/uv/archive-v0/5r0TFbRiJ6JTlaQIweKAT/PySide6/Qt/qml/QtQuick/Controls/designer/images/pageindicator-icon@2x.png
/opt/data/home/.cache/uv/archive-v0/5r0TFbRiJ6JTlaQIweKAT/PySide6/Qt/qml/QtQuick/Controls/designer/images/checkbox-icon16.png
/opt/data/home/.cache/uv/archive-v0/5r0TFbRiJ6JTlaQIweKAT/PySide6/Qt/qml/QtQuick/Controls/designer/images/switch-icon16.png
/opt/data/home/.cache/uv/archive-v0/5r0TFbRiJ6JTlaQIweKAT/PySide6/Qt/qml/QtQuick/Controls/designer/images/busyindicator-icon.png
/opt/data/home/.cache/uv/archive-v0/5r0TFbRiJ6JTlaQIweKAT/PySide6/Qt/qml/QtQuick/Controls/designer/images/tumbler-icon16.png
/opt/data/home/.cache/uv/archive-v0/5r0TFbRiJ6JTlaQIweKAT/PySide6/Qt/qml/QtQuick/Controls/designer/images/control-icon16.png
/opt/data/home/.cache/uv/archive-v0/5r0TFbRiJ6JTlaQIweKAT/PySide6/Qt/qml/QtQuick/Controls/designer/images/page-icon16.png
/opt/data/home/.cache/uv/archive-v0/5r0TFbRiJ6JTlaQIweKAT/PySide6/Qt/qml/QtQuick/Controls/designer/images/pane-icon16.png
/opt/data/home/.cache/uv/archive-v0/5r0TFbRiJ6JTlaQIweKAT/PySide6/Qt/qml/QtQuick/Controls/designer/images/scrollview-icon@2x.png
/opt/data/home/.cache/uv/archive-v0/5r0TFbRiJ6JTlaQIweKAT/PySide6/Qt/qml/QtQuick/Controls/designer/images/slider-icon.png
/opt/data/home/.cache/uv/archive-v0/5r0TFbRiJ6JTlaQIweKAT/PySide6/Qt/qml/QtQuick/Controls/designer/images/combobox-icon16.png
/opt/data/home/.cache/uv/archive-v0/5r0TFbRiJ6JTlaQIweKAT/PySide6/Qt/qml/QtQuick/Controls/designer/images/toolbar-icon@2x.png
/opt/data/home/.cache/uv/archive-v0/5r0TFbRiJ6JTlaQIweKAT/PySide6/Qt/qml/QtQuick/Controls/designer/images/stackview-icon@2x.png
/opt/data/home/.cache/uv/archive-v0/5r0TFbRiJ6JTlaQIweKAT/PySide6/Qt/qml/QtQuick/Controls/designer/images/rangeslider-icon16.png
/opt/data/home/.cache/uv/archive-v0/5r0TFbRiJ6JTlaQIweKAT/PySide6/Qt/qml/QtQuick/Controls/designer/images/toolbar-icon.png
/opt/data/home/.cache/uv/archive-v0/5r0TFbRiJ6JTlaQIweKAT/PySide6/Qt/qml/QtQuick/Controls/designer/images/pane-icon.png
/opt/data/home/.cache/uv/archive-v0/5r0TFbRiJ6JTlaQIweKAT/PySide6/Qt/qml/QtQuick/Controls/designer/images/busyindicator-icon16.png
/opt/data/home/.cache/uv/archive-v0/5r0TFbRiJ6JTlaQIweKAT/PySide6/Qt/qml/QtQuick/Controls/designer/images/progressbar-icon@2x.png
/opt/data/home/.cache/uv/archive-v0/5r0TFbRiJ6JTlaQIweKAT/PySide6/Qt/qml/QtQuick/Controls/designer/images/stackview-icon16.png
/opt/data/home/.cache/uv/archive-v0/5r0TFbRiJ6JTlaQIweKAT/PySide6/Qt/qml/QtQuick/Controls/designer/images/toolseparator-icon@2x.png
/opt/data/home/.cache/uv/archive-v0/5r0TFbRiJ6JTlaQIweKAT/PySide6/Qt/qml/QtQuick/Controls/designer/images/pageindicator-icon.png
/opt/data/home/.cache/uv/archive-v0/5r0TFbRiJ6JTlaQIweKAT/PySide6/Qt/qml/QtQuick/Controls/designer/images/radiobutton-icon@2x.png
/opt/data/home/.cache/uv/archive-v0/5r0TFbRiJ6JTlaQIweKAT/PySide6/Qt/qml/QtQuick/Controls/designer/images/swipeview-icon@2x.png
/opt/data/home/.cache/uv/archive-v0/5r0TFbRiJ6JTlaQIweKAT/PySide6/Qt/qml/QtQuick/Controls/designer/images/textarea-icon.png
/opt/data/home/.cache/uv/archive-v0/5r0TFbRiJ6JTlaQIweKAT/PySide6/Qt/qml/QtQuick/Controls/designer/images/textfield-icon@2x.png
/opt/data/home/.cache/uv/archive-v0/5r0TFbRiJ6JTlaQIweKAT/PySide6/Qt/qml/QtQuick/Controls/designer/images/switch-icon@2x.png
/opt/data/home/.cache/uv/archive-v0/5r0TFbRiJ6JTlaQIweKAT/PySide6/Qt/qml/QtQuick/Controls/designer/images/dial-icon16.png
/opt/data/home/.cache/uv/archive-v0/5r0TFbRiJ6JTlaQIweKAT/PySide6/Qt/qml/QtQuick/Controls/designer/images/spinbox-icon.png
/opt/data/home/.cache/uv/archive-v0/5r0TFbRiJ6JTlaQIweKAT/PySide6/Qt/qml/QtQuick/Controls/designer/images/page-icon@2x.png
/opt/data/home/.cache/uv/archive-v0/5r0TFbRiJ6JTlaQIweKAT/PySide6/Qt/qml/QtQuick/Controls/designer/images/switch-icon.png
/opt/data/home/.cache/uv/archive-v0/5r0TFbRiJ6JTlaQIweKAT/PySide6/Qt/qml/QtQuick/Controls/designer/images/button-icon.png
/opt/data/home/.cache/uv/archive-v0/5r0TFbRiJ6JTlaQIweKAT/PySide6/Qt/qml/QtQuick/Controls/designer/images/control-icon.png
/opt/data/home/.cache/uv/archive-v0/5r0TFbRiJ6JTlaQIweKAT/PySide6/Qt/qml/QtQuick/Controls/designer/images/groupbox-icon.png
/opt/data/home/.cache/uv/archive-v0/5r0TFbRiJ6JTlaQIweKAT/PySide6/Qt/qml/QtQuick/Controls/designer/images/radiobutton-icon16.png
/opt/data/home/.cache/uv/archive-v0/5r0TFbRiJ6JTlaQIweKAT/PySide6/Qt/qml/QtQuick/Controls/designer/images/dial-icon@2x.png
/opt/data/home/.cache/uv/archive-v0/5r0TFbRiJ6JTlaQIweKAT/PySide6/Qt/qml/QtQuick/Controls/designer/images/progressbar-icon.png
/opt/data/home/.cache/uv/archive-v0/5r0TFbRiJ6JTlaQIweKAT/PySide6/Qt/qml/QtQuick/Controls/designer/images/toolbutton-icon.png
/opt/data/home/.cache/uv/archive-v0/5r0TFbRiJ6JTlaQIweKAT/PySide6/Qt/qml/QtQuick/Controls/designer/images/spinbox-icon16.png
/opt/data/home/.cache/uv/archive-v0/5r0TFbRiJ6JTlaQIweKAT/PySide6/Qt/qml/QtQuick/Controls/designer/images/combobox-icon@2x.png
/opt/data/home/.cache/uv/archive-v0/5r0TFbRiJ6JTlaQIweKAT/PySide6/Qt/qml/QtQuick/Controls/designer/images/frame-icon16.png
/opt/data/home/.cache/uv/archive-v0/5r0TFbRiJ6JTlaQIweKAT/PySide6/Qt/qml/QtQuick/Controls/designer/images/label-icon16.png
/opt/data/home/.cache/uv/archive-v0/5r0TFbRiJ6JTlaQIweKAT/PySide6/Qt/qml/QtQuick/Controls/designer/images/pageindicator-icon16.png
/opt/data/home/.cache/uv/archive-v0/5r0TFbRiJ6JTlaQIweKAT/PySide6/Qt/qml/QtQuick/Controls/designer/images/roundbutton-icon16.png
/opt/data/home/.cache/uv/archive-v0/5r0TFbRiJ6JTlaQIweKAT/PySide6/Qt/qml/QtQuick/Controls/designer/images/scrollview-icon16.png
/opt/data/home/.cache/uv/archive-v0/5r0TFbRiJ6JTlaQIweKAT/PySide6/Qt/qml/QtQuick/Controls/designer/images/slider-icon@2x.png
/opt/data/home/.cache/uv/archive-v0/5r0TFbRiJ6JTlaQIweKAT/PySide6/Qt/qml/QtQuick/Controls/designer/images/frame-icon@2x.png
/opt/data/home/.cache/uv/archive-v0/5r0TFbRiJ6JTlaQIweKAT/PySide6/Qt/qml/QtQuick/Controls/designer/images/swipeview-icon16.png
/opt/data/home/.cache/uv/archive-v0/5r0TFbRiJ6JTlaQIweKAT/PySide6/scripts/deploy_lib/pyside_icon.jpg

__HERMES_CWD_2256a6a641fe__/opt/hermes__HERMES_CWD_2256a6a641fe__
